nric,email,dob,mobile,passport
S1830554P,afateley0@soup.io,1981-11-11,9264-2813,OI44340804I3
S0642057A,nkeppie1@topsy.com,1972-07-03,9234-7231,EHJ3038019V3
S4957538G,lmixer2@fotki.com,1957-10-14,8234-8895,PVG3792088R1
S1979765Q,kkezar3@hao123.com,1989-07-03,8244-7616,PWA9643807D6
S8613258Z,vdahlback4@comcast.net,1960-04-04,8294-9258,J067264246O3
S1096221M,bgrahlmans5@ucla.edu,1971-01-14,8264-4420,H9V4505538E5
S8965164K,bbuckberry6@mail.ru,1954-04-19,9224-6110,ZW41401903K6
S0242357I,renderwick7@virginia.edu,1955-09-10,8274-4582,LL64511888E4
S8869933U,dluetchford8@barnesandnoble.com,2004-07-23,9234-3077,OUF2533079O4
S9398179U,lshepland9@mayoclinic.com,1979-10-09,8264-0450,V961753798W7
S4247159Y,gburra@sbwire.com,1952-04-02,8204-5565,AKV1530257U8
S8875645N,echartresb@cloudflare.com,1982-08-02,8254-1853,XMM4142861Q4
S7998975T,tkobelc@miibeian.gov.cn,2006-07-02,9214-9467,E867978484Z2
S7339599T,lkited@gravatar.com,2005-12-13,9214-5854,Q901805633T8
S8121764U,oyakubovicse@ca.gov,1972-10-30,9274-5524,SGX2277653X1
S2719858L,tskeelf@thetimes.co.uk,1975-06-13,9244-4509,WNU0894099H6
S7029209N,cboxerg@usgs.gov,2008-12-03,8224-1025,R7G3286575R3
S6996584K,jbertouloumeh@issuu.com,1965-03-03,9244-0367,VMV3635150D2
S0025896L,lagglionei@bbb.org,1986-09-26,8284-6443,B7I8998417I7
S5546246N,dturleyj@miitbeian.gov.cn,2008-07-16,9284-1807,UAU6974807H0
S8159035X,gmarymank@usnews.com,1960-10-18,9204-8162,SI75123822Q5
S1207072N,bharbronl@scientificamerican.com,1999-10-08,9274-2538,P904492743Y3
S2636340H,rbendleym@squarespace.com,1950-10-26,9284-5485,MBQ3285855T0
S7958441F,cboomn@sciencedaily.com,2002-10-17,9284-3517,DTS5710094J7
S1118984L,cgoodbodyo@cnn.com,1985-07-20,8254-0294,BTT5468988C0
S2581486F,afavelp@1und1.de,2010-11-12,8204-6214,EHT5570176U2
S0863705N,ysiveyerq@discuz.net,2001-02-19,8254-2367,J0X9289624I8
S8046645J,dattkinsr@discuz.net,1981-11-23,8244-9191,VHO9918796J3
S1330061U,mchardins@pagesperso-orange.fr,1962-02-19,9234-4476,CXQ0539368Z3
S9716311Z,gastmant@rakuten.co.jp,1965-06-25,9254-4359,CFA3922251P8
S0738399Q,bpaffleyu@dyndns.org,1970-09-22,9244-1931,NQH8345310Z4
S2983762R,rblazhevichv@oaic.gov.au,1978-04-28,9264-2772,BEV3371476E5
S1085870K,mtrahmelw@cloudflare.com,1956-12-19,9254-5902,Y9Z1317658V4
S5747196H,jpennockx@epa.gov,1964-09-30,9214-3436,J1S2184177V9
S2311774R,rmacbeany@artisteer.com,2002-02-22,8214-0512,OP22107661A5
S8197921O,rstoadz@purevolume.com,1954-08-21,8284-0599,IDI5514982C1
S9936580Q,fshanahan10@ftc.gov,1969-10-12,9244-7388,ATK3863391V7
S0995945O,bseaward11@wsj.com,1967-11-04,8284-6683,KIP3354188E5
S2999259W,dsanten12@elegantthemes.com,1970-05-22,9264-8508,EU08047009L4
S8015391M,bgolsthorp13@issuu.com,1997-02-01,9254-9988,TIE8767682A7
S3340848F,blaste14@redcross.org,1977-08-16,9264-3300,TW15961492C5
S4941974W,knorrington15@sphinn.com,1961-05-13,8284-1672,U7O5081640Y7
S6697807P,dbrookwell16@icq.com,1950-03-27,9214-2386,P9T0607304I7
S3155270G,lsimper17@github.io,2009-04-20,9204-7687,RHH2455400L8
S6838330Y,lpaulino18@nifty.com,2004-06-13,8204-2375,PBB9790504M0
S8881441Y,aisland19@gnu.org,1962-05-09,9234-4770,U0N8436321G2
S5952122C,rparlott1a@sitemeter.com,1976-08-20,8214-9003,VQE0748571R0
S7682716U,bsimcock1b@clickbank.net,1989-12-05,8264-2087,Q1B7025210K5
S6173561L,larndell1c@networkadvertising.org,1994-06-23,8204-2185,FYP2798234U5
S5436571D,mjimmison1d@statcounter.com,1968-12-09,8244-6901,U1T4701076R8
S5946339Q,rglawsop1e@dmoz.org,1950-01-01,8254-4306,YRT5490474D7
S1710695L,hspivey1f@etsy.com,1986-09-30,9214-6398,PMW9326738S5
S7725139L,zcolbourne1g@wunderground.com,1986-01-05,8294-2798,ZCT5317101Z8
S8294998K,bpetrecz1h@ed.gov,1997-06-01,8234-9133,BGB6829325Q7
S2075958W,iflahy1i@google.ca,1961-12-18,9244-6458,VHF3694179W0
S5610792E,adunridge1j@unicef.org,2008-05-25,8264-4517,DRW9292889R1
S9204041V,agommery1k@yelp.com,2005-12-21,8224-3394,UFK4601124K7
S7624219G,ailling1l@yelp.com,1997-12-28,9204-2151,JDB7890932Z1
S4772212U,mhallede1m@springer.com,1991-04-19,9264-4904,N530678439Q9
S7531684T,agemeau1n@hao123.com,1995-06-29,9224-3302,YTV6577150B9
S0772903Z,pcassells1o@npr.org,1972-01-09,8294-8994,C1P0800785E7
S8395009O,amaplesden1p@joomla.org,1987-01-10,8224-6140,BUG8455588A1
S6214533C,trubenfeld1q@pcworld.com,1961-08-02,9214-9799,O2L2684334X3
S4793221O,crumford1r@newsvine.com,2003-08-20,9294-8729,R790365752Z4
S0459172U,lrouke1s@wordpress.com,1973-07-06,9244-7536,XXM5137677Y4
S7537556Z,ebrissenden1t@unesco.org,2004-02-25,8264-8177,OBX8628146B6
S1321353P,wwilcox1u@jiathis.com,2010-06-03,9274-8396,QKF4147502J8
S5890715K,dbonny1v@behance.net,1983-05-11,8214-7767,JDX3213937B3
S1931823C,cchalmers1w@bloglovin.com,1995-04-23,9284-1503,S7M4054046B6
S5489635O,aparsons1x@themeforest.net,1998-07-24,8244-3034,O7Z3231782Y6
S5540289Y,kcornau1y@boston.com,1972-04-08,8224-5393,UV45041540G4
S3177980T,celsip1z@kickstarter.com,1969-07-11,9224-2482,Z7X5980690J6
S2720378I,lcurnnok20@toplist.cz,1950-01-26,8224-2325,X319234708E3
S2006801W,rbaysting21@delicious.com,1979-10-22,9284-4387,AOA8625982I1
S9077305U,dbrimham22@cmu.edu,1974-07-12,9254-3660,XVI2113509C0
S0555185R,bbryett23@washingtonpost.com,1979-08-30,8294-5849,H1N6065485P3
S0124088I,lbayless24@unicef.org,1991-01-14,8214-7050,I6L2677832I8
S4282349A,jvlasyev25@walmart.com,1969-04-18,8244-6656,KWR3542692U9
S2504445E,sthormann26@deviantart.com,2006-11-13,9234-1055,FVK2095575P2
S3642236F,fcomiam27@cocolog-nifty.com,1986-11-03,9224-2535,MOM1997911W4
S6534903X,lcrosfield28@ezinearticles.com,2002-05-21,8254-8165,T7U2776867M1
S5477763E,ecowl29@cdbaby.com,1988-05-17,8294-5970,I8O2882570C4
S9648756E,mbride2a@chicagotribune.com,2010-04-29,8224-6793,CA97252402M8
S6032616S,cmarcam2b@globo.com,1969-05-22,8254-2614,N5A5028119Q1
S8782274M,mpatnelli2c@rakuten.co.jp,1988-12-20,8294-6516,J5T5980282F7
S3705958I,cabadam2d@techcrunch.com,1968-01-01,8294-7643,MTO9667330U3
S5381783D,vhaxbie2e@netvibes.com,2009-11-06,9224-0398,ZO76877225N4
S3007430A,mlamond2f@dot.gov,1976-01-26,8224-1572,GUF5933353V3
S9542539S,medmenson2g@smugmug.com,2004-02-05,8264-2842,KHE9287817C2
S9970416O,mliley2h@360.cn,1950-09-11,8214-7176,XO51301838K3
S3750072U,nchaplain2i@tripod.com,1974-02-05,8224-6768,C0S3176168Z7
S3926880Z,rsyne2j@jimdo.com,1970-09-11,8214-5283,N5K3610606S3
S3255439Q,lenglefield2k@technorati.com,1995-04-12,9274-4148,YI51684763N5
S5456020H,mdavidovich2l@weibo.com,2006-12-15,9284-4153,JYW7155341U2
S1832318R,pbrixey2m@cam.ac.uk,1982-09-25,8284-1605,GAJ3777813M6
S3254351I,gjory2n@dell.com,2004-07-27,9244-7128,KRM6475843A8
S1974769N,rfishbourn2o@technorati.com,1964-04-24,8214-6330,QDL0771567K2
S6953822C,bmackibbon2p@about.com,1985-04-24,9264-9307,G7V5020528H3
S4926103C,dleisk2q@slideshare.net,1974-05-21,9254-8712,GQL6261778P5
S8154786P,akliemchen2r@answers.com,2009-08-15,8234-6169,DZA7202404H5
S4280033I,cgypson2s@sfgate.com,1963-06-10,9204-8185,RR62945265X0
S0702656P,gblagden2t@themeforest.net,1951-04-24,8294-2192,BF03450835X0
S7028101D,hhalsey2u@csmonitor.com,1977-05-06,9244-4525,UPY6101334Z4
S4483063H,kgiorgioni2v@java.com,1964-09-19,9214-4911,QQI3760590A4
S2133551H,kcrickett2w@apache.org,1958-07-15,9234-6743,BFU7454627P3
S9830220O,dwegener2x@rediff.com,1997-02-28,8274-5735,PMF7965639M7
S8284026D,lgallehock2y@mozilla.com,1982-07-31,8284-6296,II53940652V1
S7377753H,sjeyness2z@myspace.com,1995-12-20,8254-9640,J368885449P5
S7537171E,fconew30@princeton.edu,1997-06-25,9234-7276,AOA7894276K4
S2397339H,rcharlo31@stumbleupon.com,2007-04-20,9214-9163,UYG5970612C4
S6367204Q,agrise32@google.com,1950-08-19,8244-7018,E188859451F4
S8930217I,agiovannilli33@w3.org,1978-10-18,9244-5927,N6R4883148K9
S3246932Z,bbicheno34@technorati.com,1954-03-21,8214-3473,BOV4102992K1
S7484551S,bcharlson35@sciencedirect.com,1965-01-22,8224-2578,D7J9572026W7
S7922667K,macres36@booking.com,1991-10-11,8294-5082,LMC0862346N1
S6038729V,pmonelli37@blinklist.com,1961-08-21,8264-7402,WGB0264743C8
S6838789R,tfairhall38@salon.com,1954-04-29,9234-4936,M7W4604374K9
S3789586O,cknutsen39@thetimes.co.uk,1999-03-14,9244-4380,TAL4374932K2
S5134615Y,aschoroder3a@hc360.com,1971-06-15,8214-9469,LSC3828503H0
S9868079N,shaylands3b@oracle.com,1967-10-27,9214-8000,NTI0424532D6
S8026029E,amanzell3c@amazon.de,1991-01-29,8234-5668,YU77336073L2
S8548654T,vplumbridge3d@vimeo.com,1970-05-07,9264-0539,VRX6797713F7
S7062144F,jdyball3e@artisteer.com,1999-07-06,9264-3074,JHM9995346F2
S2106603E,nbaldery3f@odnoklassniki.ru,1953-08-20,9224-8469,HIL3185399W4
S1625589X,dmiddle3g@google.nl,1986-08-26,8274-1354,FDY3636398L7
S2529203S,kchisnell3h@ftc.gov,2006-08-08,9284-6899,A0A0190835W3
S7092126K,afassmann3i@merriam-webster.com,1999-03-05,9254-5642,JG99094703J9
S0556174Y,csoppit3j@ezinearticles.com,1975-12-03,8224-8119,GFG0283852E6
S3774111O,jmcphelim3k@csmonitor.com,1953-11-09,9204-0623,JHD9954485V4
S3907223G,dbagworth3l@devhub.com,2000-01-09,9264-4839,ADP8991534Y4
S7116598Z,ktrue3m@cisco.com,1977-03-25,9274-7482,BHW7762087K4
S0214834Y,agilhoolie3n@booking.com,1994-01-22,8274-1102,F1K6014403M0
S7244456L,dhighnam3o@sina.com.cn,1964-05-23,9274-7551,JR69789962T5
S4390640A,ssimmill3p@mayoclinic.com,1977-08-26,9264-8166,LTB9040808P7
S6951126H,ccarletti3q@biblegateway.com,1970-04-08,9214-7599,C0P6010212H0
S3986024O,tworham3r@ed.gov,1953-09-26,9244-2011,PFH6409080G1
S6916221D,hprinett3s@alibaba.com,2009-10-14,8284-4582,I1N2557719J4
S7717869C,amanklow3t@pcworld.com,1994-11-05,9234-9204,I989849398Z8
S9712765G,pstarie3u@bing.com,1983-11-20,9284-4566,M0F3693403X1
S2731260R,mmcguiness3v@ox.ac.uk,1990-04-13,9284-7170,BIT6406019K4
S9813304P,hblanckley3w@elegantthemes.com,1968-04-20,9214-6246,HWJ0666910K5
S3332474A,lpeirce3x@cdbaby.com,1973-04-19,9214-5374,MV01818661E2
S5904771X,bdreinan3y@studiopress.com,1953-01-07,8264-6006,VPF9996549W8
S6283567R,abispo3z@zimbio.com,1975-12-29,8284-1538,K3J8719616V0
S0890669A,areskelly40@goodreads.com,1963-02-17,8284-7110,APE5957409B5
S5302155Y,sbangham41@mlb.com,1982-11-10,9244-1145,KP20238780B1
S0938403I,cbruni42@storify.com,1959-03-11,8204-8535,XPC8799554H3
S3855246B,bakker43@themeforest.net,1980-09-01,9254-6285,OSE6168003X1
S7562063V,pbradtke44@admin.ch,1964-10-31,9244-4905,IUJ3063069V5
S3811062H,sinnes45@printfriendly.com,1984-01-12,8294-4452,U471645224K6
S1224557I,vmepsted46@com.com,1984-01-16,8204-6015,YIE8376763B9
S8222539H,mnorthrop47@taobao.com,1981-11-09,9284-2857,JRI8466810N5
S5984273T,fvannikov48@t.co,2003-12-03,8274-9463,JIR1351010E3
S2668501N,swasselin49@rediff.com,2005-02-21,9294-1721,WW53243874K2
S3812532E,horbon4a@yolasite.com,1952-07-23,9224-9550,VTI7442570M3
S7980864Y,brogans4b@google.com,1960-01-27,9244-2536,A3J3430072M7
S7193729X,hmccandie4c@ed.gov,1963-04-29,8234-2007,NLS3085012T1
S7856319F,aelsbury4d@disqus.com,1958-06-15,8284-3996,ICZ9659505X5
S2765343N,ahubball4e@furl.net,1990-10-01,9244-4257,GEW8597970F5
S7955728R,dmaddison4f@4shared.com,1971-09-25,9284-6609,F7Q6902345X8
S4359570Z,bbilham4g@scientificamerican.com,1964-04-10,8224-8559,DF04412291J8
S8731667E,pdinnis4h@bbc.co.uk,2005-05-01,8254-0237,YRY3972097D9
S4917863H,lcapelow4i@flickr.com,1993-07-21,9264-2716,P857867875L5
S3044969L,scleaver4j@printfriendly.com,1995-01-24,9224-3934,PUQ1860851V5
S0710203L,bbirds4k@arstechnica.com,1952-05-09,9264-9623,JAV5699457R3
S9692599C,kborkin4l@xinhuanet.com,2002-08-18,8284-9484,Q5W1214889E0
S8212712C,rendicott4m@flavors.me,1970-01-19,9244-9514,UV41218927X7
S3491768A,bcraggs4n@merriam-webster.com,1961-05-23,8224-4215,VCD4995152P9
S5582041G,wguyonneau4o@marketwatch.com,1979-12-22,8294-8336,V1I2898939U5
S0433151V,gsparks4p@yandex.ru,1991-04-02,8234-2719,DY03532064N2
S5418694V,ecoldman4q@oracle.com,1958-07-05,8264-6361,MOQ8541020M9
S8767762L,timpleton4r@google.com.br,2003-01-07,8244-6707,PMZ3724242N8
S4458260X,pjessope4s@economist.com,1981-07-02,8284-1111,NSY9467236L1
S7614911I,stippetts4t@bizjournals.com,1998-04-14,9244-9382,TT57891012E7
S0193434Z,froads4u@msn.com,1963-12-13,9224-3526,HY09150197Z7
S6521691R,lthominga4v@tmall.com,1982-06-07,8234-3669,UO25277377Q9
S4977241R,mrevey4w@xinhuanet.com,1975-11-02,8204-1944,R7P9039657Y3
S8700279A,bkelly4x@cisco.com,1958-11-17,9264-0811,NG68246898T7
S1064858C,sullett4y@trellian.com,1956-05-25,8254-0755,KET2212901W9
S2207309U,fpote4z@blogger.com,1994-12-05,8284-4972,I252232753A9
S5454258K,ahassan50@rediff.com,1965-10-01,8264-6761,JJN3432730W1
S9986260Z,esheirlaw51@noaa.gov,2006-05-14,9234-7573,NQO7647219P7
S5499517L,oruffle52@sun.com,1983-04-17,9234-0082,U959056654N2
S6983749O,hguiness53@list-manage.com,2007-04-13,9264-5575,Q1B5698371D4
S7145749H,pcastellini54@imgur.com,1955-01-26,8264-6462,PBL4925596M3
S8026074W,droscam55@bizjournals.com,1961-01-20,9204-2275,OS10564027P1
S9038875J,pgradon56@meetup.com,2005-10-10,9264-5087,HOX8464073D3
S5177218J,mgalfour57@qq.com,1997-10-08,8284-9807,BQC3810787X6
S2888739U,cjerschke58@cdc.gov,1958-05-10,9224-3797,RPX5467788T8
S5650176W,zhuller59@hexun.com,2005-08-06,9264-6862,LPK6127617M9
S4162553X,slabba5a@nih.gov,2009-07-17,9264-2399,MQC9760940I9
S2603943F,kiaduccelli5b@myspace.com,1975-11-02,9214-2016,R5O8689123U9
S2361444E,zmanwaring5c@washingtonpost.com,2006-01-02,8284-7081,GAW6678402Z0
S0092515C,hswetenham5d@mysql.com,2003-09-01,8294-8580,R716745021D1
S2917876X,mpringle5e@examiner.com,1970-07-04,8204-9065,LR04308295F2
S0910606U,gdellar5f@go.com,1999-07-15,8224-4257,N1S9463806A6
S8421019N,kmcilvenny5g@whitehouse.gov,2005-05-27,9224-6725,ILA0947124C2
S5510650V,nbryde5h@cbslocal.com,1989-08-22,8214-1762,GJC6999778T7
S1709117L,mblasing5i@dot.gov,1984-06-18,8284-2385,JGZ6882507A5
S3503602V,dmalin5j@fda.gov,2002-02-03,8234-2426,AE29366955Y6
S5611280B,sgettone5k@last.fm,1979-11-02,8204-9498,I827240117Y1
S8818157A,lsalliere5l@si.edu,1958-05-23,8234-6847,EMQ9817692H1
S1636361Y,jmorshead5m@sciencedaily.com,1958-01-03,9264-6552,PTZ3753225D7
S2826545H,ssommerville5n@multiply.com,1970-11-28,8254-1638,YKU3911234R8
S9640205F,aheffernan5o@printfriendly.com,1987-08-30,8234-1036,HV69325371Y5
S7508554S,wthresher5p@yahoo.co.jp,2009-08-21,9294-8375,EPH9582265B4
S4858241I,wregi5q@google.de,1983-10-21,9264-2572,PE21543513E0
S7476875R,pirving5r@samsung.com,1988-02-09,8234-5381,A3Y0252037W6
S2476938R,ubatchelder5s@umn.edu,1997-11-25,9284-9809,PAN1613719U3
S1808911Y,cmaseres5t@google.ca,1991-10-29,8224-9239,M7L3769462Y3
S6457514U,nagott5u@illinois.edu,1985-07-26,9264-5771,AMY7706935U9
S6424473L,evanacci5v@ebay.com,2005-06-20,8294-4485,EFI1696995T9
S6495278X,kfrail5w@smugmug.com,1985-03-11,9254-5189,KJ28563444B8
S2688896L,shargreave5x@oaic.gov.au,1951-11-18,9254-8893,QRY1110315C7
S6262068I,opridham5y@sphinn.com,1960-03-24,9224-3553,W891254939K9
S6317979A,atupp5z@ow.ly,1984-08-01,8204-6832,IDX4588525R9
S3017156L,stsarovic60@nydailynews.com,1978-09-03,8214-5596,XQR7202777E6
S2427803K,wnovello61@ftc.gov,1979-09-03,8234-8429,DQQ0855251H4
S3530442X,kfarnworth62@bloglovin.com,2002-12-07,8294-0699,ROK6879830N5
S8027361G,rbroke63@indiatimes.com,1999-04-14,9204-5422,YYB8226436I9
S8660562U,dhalliberton64@hubpages.com,1987-12-11,9274-7602,GET9495007N2
S5537276P,qatcock65@qq.com,1952-07-17,8204-7342,MOH9162463E4
S2194713G,emargery66@sun.com,1983-01-23,8234-6142,KE43386023Z3
S3834032F,ewisam67@dion.ne.jp,1956-09-25,9234-4039,QQ18704236J4
S8403991Y,mcharley68@sfgate.com,1995-05-17,8274-4380,HZY9883815H0
S2110662L,ipettigrew69@squarespace.com,1969-10-03,9264-9579,YPT9547111M1
S5705041T,htithecote6a@smugmug.com,1952-04-23,8254-1584,EPO7215017W4
S1009193V,uwildber6b@ed.gov,1950-09-03,8294-2977,VKP0684897S6
S5283826Z,ltynewell6c@reddit.com,2008-04-18,8264-2403,TXW8203469I3
S7699396C,lcaswall6d@ovh.net,1985-08-16,8254-4451,DA63189794X0
S1822414B,cwiles6e@princeton.edu,1978-07-19,9254-3343,C0U7392561Y1
S1155059V,srowney6f@bravesites.com,1987-01-22,9274-8762,N2D8775083G6
S6328206Z,dcoalburn6g@msu.edu,2004-07-01,8224-5479,H7H6157734U2
S1903546W,sosgar6h@cam.ac.uk,1981-10-09,9264-5154,UVW7099595N2
S4832541Z,rbonicelli6i@alibaba.com,1985-12-24,8204-1237,XY20435564Z0
S2019741S,pdebenedetti6j@alibaba.com,1984-05-17,9224-7025,B6Q8440362C0
S7048777H,mbrimelow6k@google.de,2003-10-23,9274-1916,U1E5519501C2
S4211305W,nnorthrop6l@t-online.de,1982-08-25,8264-1656,OTY9230386P2
S1990192Z,sglanvill6m@theatlantic.com,1985-07-15,9224-7580,KHR5054631J8
S1490833M,ereape6n@google.com,1977-03-24,8274-7973,M3J0365519P6
S0157255O,hneno6o@oracle.com,1998-03-31,9294-1564,RW31716914Z2
S7118199F,dverrill6p@time.com,1984-12-23,9224-2989,K8D9093994J2
S8350093V,mcutten6q@about.com,1951-05-07,8254-2093,NQS9876266A7
S1318063G,bdran6r@friendfeed.com,1959-07-19,8274-5664,N0D7040967I7
S4008407U,whiskey6s@rakuten.co.jp,1988-12-24,9294-5649,RM13724960F1
S7426244P,fcleal6t@tiny.cc,1951-09-25,9264-8765,MCA6578936D7
S7897148X,wcreek6u@wordpress.com,1968-05-16,9264-7681,MLH3934969N8
S2196869H,efrancais6v@odnoklassniki.ru,1953-03-21,9204-2139,FYX4215868G1
S7958252L,nrottger6w@census.gov,1988-01-10,9264-8905,XSF7211474H0
S2785660H,salldre6x@china.com.cn,1993-05-26,8284-2864,ZIN7922524B6
S3961493X,vcrumby6y@youtube.com,1988-10-09,9254-8069,XIJ9532301X1
S2021479M,hvillar6z@bizjournals.com,2010-12-24,8264-4196,WRX2094381W4
S2950661Q,ipeel70@nature.com,1964-06-05,9294-1721,RJ28749729Q7
S4482833A,tnewbury71@addtoany.com,1993-03-04,9214-7424,QIW2274428O0
S7841402L,sedgcombe72@admin.ch,1994-12-29,9284-3979,MBJ8734421B2
S9033111D,dsmeal73@bandcamp.com,1964-06-17,8264-1888,VHG9578803K7
S1556721T,babendroth74@wufoo.com,1971-03-09,8264-6657,W463844575K5
S9562401O,rsjollema75@chron.com,2004-08-17,9254-1675,GNC3486847U3
S3000006Y,mrigate76@issuu.com,1991-04-10,8214-0791,XTL2813033Q0
S8761127N,fyoull77@tiny.cc,2002-09-16,8244-9461,U4C3275840D9
S9098125K,jlongmead78@slate.com,1989-05-02,9284-0956,CNP5855663H1
S5822291E,tsatyford79@feedburner.com,1984-04-25,8224-1568,EQ54134603R0
S5694252B,ddeabill7a@gmpg.org,1969-12-03,8264-1509,R1Y5278261O1
S3652726I,bpeaseman7b@fema.gov,1976-08-14,8224-6138,PYI5156509V3
S6274155M,grobertot7c@gravatar.com,1988-01-29,9274-2478,ZAF7806277J6
S4171923U,gmorston7d@mozilla.com,1985-10-11,9274-6593,S3O3035490Z0
S5676705I,fmussard7e@google.cn,1981-05-07,9264-8727,JKT6644616S1
S0063290Z,tgifford7f@youku.com,1978-12-15,9214-2477,VWZ8504650D4
S4126886X,olongfut7g@pcworld.com,1958-01-15,8234-3300,E9V4853430P4
S7886431Z,mfrancke7h@wunderground.com,2008-01-28,9234-3567,FA12594302B3
S5630892Y,rcathel7i@tinyurl.com,2000-02-16,8234-3606,J4B4412347F2
S4612383Y,ipeter7j@cdbaby.com,1973-06-22,8264-6741,RC86711563B7
S8088863O,bbrose7k@scribd.com,2009-03-24,8294-4469,QZB1767136Y4
S7467212G,jorman7l@un.org,1969-01-02,9224-9763,ZAI8680407B4
S4931233L,ablose7m@mit.edu,2000-10-13,9274-9284,LPZ5951435N0
S3686683C,rsherrum7n@umich.edu,1982-10-07,9214-9268,JNM2499123P9
S7304886A,mpeasnone7o@eepurl.com,1980-12-14,9274-1429,DQ74760431X0
S9091849Q,dromney7p@bizjournals.com,1984-01-23,9254-8196,X3W4374932K1
S0984549J,dhedylstone7q@redcross.org,1987-01-22,9204-3354,N9Z9962163W9
S9431265I,lbanton7r@canalblog.com,1998-12-16,8284-6276,JFC3640552C4
S7971634C,dtantum7s@sohu.com,1950-08-16,9214-5822,ACU9745177Q5
S0817081H,scridlin7t@npr.org,1983-02-12,8214-9649,CMS3463473J0
S6491256D,kgrombridge7u@histats.com,2001-05-05,9274-2817,SSD2888614D8
S9897257M,jpiers7v@admin.ch,2000-11-18,8264-0345,HTD4820260H8
S6967494B,mconsidine7w@cafepress.com,1960-06-10,8284-0542,O6Q4307508Z3
S7275316N,amaudson7x@t-online.de,1970-02-21,8204-6848,QL75651587T5
S2735157W,dspours7y@nba.com,1970-03-07,8254-7574,BPC7881339L9
S9170813I,edwight7z@skype.com,2005-02-03,9214-2268,WOB6581864I5
S5956314I,mlemerie80@ucla.edu,1977-08-04,8244-9179,FJ97977155O6
S4300981Z,aweiser81@nhs.uk,1984-07-21,8274-7693,FGN5564604K1
S4145173U,gaphale82@sohu.com,1988-10-05,9234-9789,EOU4607853K0
S1365230E,phadleigh83@elpais.com,1964-02-08,9254-0277,O6D7117102K1
S2911096Z,shatwells84@zimbio.com,1988-10-25,9294-3394,CG13256839H1
S7863060K,ssurguine85@geocities.jp,1982-05-07,9224-4320,TAS9099820G2
S4321173A,aniess86@google.ca,1954-02-01,8294-9957,TL01971878C4
S5654775V,lgregoli87@mediafire.com,1972-07-17,8264-1739,T2X5274409E0
S0112327Q,kwhitesel88@yahoo.com,2006-08-23,8274-2973,Z298679957Z0
S6203191K,bparker89@who.int,1994-01-20,9234-0587,TT29845176W2
S1373561N,gschwanden8a@kickstarter.com,2004-10-14,8254-7726,XDM4401071J2
S4065523Z,dshelsher8b@yandex.ru,2003-12-13,8274-4563,KWL4956598D3
S4822465N,mchismon8c@canalblog.com,2007-05-10,8284-6518,J8J1485836Q8
S0404108X,nantoinet8d@mtv.com,1991-05-29,9284-0510,UTP5243105M4
S2349321R,lhanniger8e@purevolume.com,1960-04-10,9204-2994,Q8B1631079H1
S5100692L,ncabbell8f@cornell.edu,1960-03-27,8214-8314,VIL8629632A6
S3081560L,vmapham8g@ed.gov,1968-07-05,8234-2667,JDK3740303Q7
S1300396D,vhedley8h@ning.com,1956-12-16,8284-2436,HUG1180328K2
S4936599Z,ccowing8i@people.com.cn,1952-05-08,9264-9308,DJQ0425193I9
S4746484Y,lbanville8j@cocolog-nifty.com,1964-06-24,8214-4352,NRK6537376D4
S8515529V,kbrammar8k@about.com,1998-04-01,9264-8498,SIF3676803M4
S1688301K,wgeist8l@oaic.gov.au,1967-06-07,9264-3552,J265689597M8
S7302734O,bamori8m@rakuten.co.jp,2008-07-03,9234-7399,V2R1435910W6
S4139403S,cpykett8n@epa.gov,2007-04-06,8204-8538,PA63000320D3
S6388299H,gplewright8o@illinois.edu,1977-10-20,8244-9250,LMW5739672C7
S7085142E,slafranconi8p@cpanel.net,1984-10-17,9224-3643,EUS4518597D6
S5379697R,iwardell8q@prweb.com,1985-03-13,8244-8868,T113765141R9
S2767514I,fhorrod8r@wikipedia.org,1984-11-03,9284-9799,ZDX7988417Z7
S2569734D,sbazylets8s@shinystat.com,1994-05-01,9294-9879,YUM1831110P9
S9705219P,bgasker8t@bigcartel.com,1979-10-09,8234-4770,TF53171700H7
S4832927J,cfarthin8u@bbb.org,1989-12-05,9214-2946,KSL5128541Q0
S8156307Q,bvearnals8v@nbcnews.com,2003-12-27,9214-3947,KRU1148060B9
S4198861Z,adonnellan8w@4shared.com,1960-10-22,9244-4085,I7X1605529N3
S3928582F,ksnalom8x@baidu.com,1962-02-27,9264-8428,I2C6761392N7
S0243957J,gdebell8y@forbes.com,2008-03-11,8244-8768,ZSD6710343Q5
S4957081Y,menocksson8z@google.pl,1981-01-26,8244-1382,BM17986758Z0
S6687995O,zstukings90@cloudflare.com,1979-07-14,9234-0886,NHY3458651V3
S9164636Q,worpin91@yellowpages.com,1962-03-11,9224-0227,W157659812V6
S8874955S,crubert92@icq.com,1991-04-12,9284-7351,Y9H3591934B0
S2522468W,inathon93@feedburner.com,1958-09-23,9224-1125,M653923833P5
S2743865G,acleen94@about.com,1971-05-09,9244-3572,YAS4213556X8
S0258418U,gkruschov95@comcast.net,1971-12-20,8264-2998,HTL9686060G6
S7158313W,gwiffield96@twitter.com,1961-08-29,9204-4384,ZIR1898770B1
S7519224Q,ltutt97@digg.com,1966-05-30,9254-3624,MI92214186G2
S4611640B,kivery98@indiatimes.com,2009-02-09,8244-5504,DQB4700277N6
S2373265Q,nfellman99@virginia.edu,1996-10-10,8284-1274,C2B3295837I8
S3753978O,abesantie9a@acquirethisname.com,2005-09-18,9294-3821,D417011153W1
S5606794R,kcrambie9b@pagesperso-orange.fr,2002-05-27,9254-8631,W1G1677833W1
S0979610E,sstrettle9c@smugmug.com,2000-03-11,9244-1753,DS69957629U9
S2327779E,ntorresi9d@jugem.jp,1983-09-12,8274-3782,BMF9339709R1
S6634605Y,aproudlove9e@altervista.org,1967-11-02,9254-4849,DZR5656328P2
S4073015C,kscay9f@histats.com,1960-10-11,8274-6980,VUI8799776Z5
S8853729L,dvarrow9g@paypal.com,2008-12-18,8284-1823,N6L5957232C6
S8865593E,troux9h@cisco.com,1969-08-06,9284-8975,ELA4116361O2
S3726905T,gfatharly9i@ucsd.edu,1993-01-14,8244-2599,OYK2835301F5
S2886016P,tzanetto9j@dedecms.com,1999-02-06,9244-1240,YVV0974122K8
S0361555E,gtwinn9k@rambler.ru,1976-04-24,9224-0931,MLP7355961Y1
S6575269G,enairne9l@webmd.com,1972-02-05,8244-4694,X221431096I0
S4762808K,bmorston9m@4shared.com,1952-09-02,8274-1795,ZAP6732886Q9
S4589972B,mbrickham9n@ft.com,1951-12-01,9214-5822,BON5852984C7
S2080616A,cbaumler9o@tripadvisor.com,1958-08-03,9274-1947,JHA6323471C1
S1849373W,bbordessa9p@tamu.edu,1960-12-11,9204-1958,KYG9195391P8
S0009905W,vaires9q@auda.org.au,1976-02-24,9294-4940,EYO0641175T4
S8384833F,mdorning9r@nyu.edu,1994-07-13,9244-5046,BRZ6963480D4
S1658799Z,yodea9s@indiegogo.com,1992-06-11,8254-3145,QBX8997762E8
S4781483P,aandreasen9t@intel.com,1987-06-15,8274-5698,P8Y0587450P2
S9729760A,dwoolvett9u@infoseek.co.jp,1956-04-30,9214-0534,Q6I7655826E8
S4894296G,worfeur9v@zimbio.com,1994-01-15,8204-5192,UAY7125637I9
S2732219W,rferrieroi9w@smh.com.au,2010-03-15,9274-7119,QZ07721210J2
S2237511N,afeechum9x@networksolutions.com,1951-05-08,8274-4228,CRL1225660U9
S1194739X,cchopy9y@com.com,1957-04-29,9294-0729,GQJ2310834M2
S7778136L,amcfadzean9z@cnbc.com,1971-05-25,8274-6731,FZO5340900A9
S3359335Q,sthorsena0@loc.gov,1975-09-12,8204-4008,WKO6107846L2
S5828346N,gtestina1@tumblr.com,2006-05-12,9274-6949,XFD9099743I6
S8548373B,garchbolda2@geocities.com,1991-09-13,9264-8324,AB42490432Q2
S6017058A,omcdouala3@is.gd,1955-12-14,9294-8927,WVR1830466U5
S9331565I,rstowtea4@imageshack.us,1986-04-24,9234-9460,POF7217274P9
S5644665Z,sraithbya5@gizmodo.com,1970-03-09,9284-4735,N934512120P9
S2300461J,anoona6@gnu.org,1994-05-27,9234-6974,G006475150I6
S6989486L,ditzakovitza7@facebook.com,1994-04-12,8274-4570,CT29028761N2
S7326229F,cconkeya8@answers.com,1991-08-21,8274-9820,UUS6786080F9
S7640122U,ihailya9@usgs.gov,1953-10-05,8274-1598,C7A6757089E5
S4666976I,sdurnanaa@princeton.edu,1985-04-09,8294-4039,RB04030509T1
S5354867W,kstrattenab@t-online.de,1989-12-11,9254-7224,ZP59454151F2
S5285867H,lgartlandac@bluehost.com,1981-06-03,8234-4927,BAP0405020O2
S6789654M,proskamsad@shinystat.com,1967-03-09,9204-0626,IX78998748X7
S8206067D,fcrowthae@is.gd,1950-05-10,9204-0104,C2R0860501Y1
S0067441C,jbackaf@fema.gov,1989-10-24,8234-8372,JU70263912X3
S9396517J,vphittiplaceag@icio.us,1954-01-11,9214-8581,IC83947562S5
S7910766V,hkiliusah@cnbc.com,1950-10-27,8224-0842,T6W2384867K2
S4955068M,flowsonai@npr.org,1958-01-09,9214-7266,PA12243651H9
S2596792H,qbodillaj@seesaa.net,1990-04-17,9204-7022,Z037325930Z7
S5191175G,jfarlamak@hexun.com,2005-01-07,8214-2407,G9S5020300U6
S0622653G,gbrinsdenal@goodreads.com,2003-11-21,8254-6004,UM54070616Y4
S5009183O,hshalesam@wunderground.com,1955-03-01,9224-4378,DW01022118X9
S4658110J,tchecchian@nasa.gov,1951-05-30,9244-0585,UV97421400X8
S9778859D,kcavyao@comsenz.com,1983-10-18,8244-3015,IQK6697861Y7
S4178033W,gjurkiewiczap@google.com,1971-10-03,9274-1093,OC42868787D5
S3401745A,szamoranoaq@hao123.com,1956-01-17,9294-5827,BIY6465967D5
S0394454G,hwittringtonar@barnesandnoble.com,2010-07-29,9254-4055,JF20211108V3
S7862299X,rkolesas@sitemeter.com,1956-05-09,8264-7264,AF70781340D1
S4928015R,vmacsweeneyat@wp.com,1987-11-07,9274-9338,QV35210997I4
S6375503J,pdenisau@mapquest.com,2001-09-21,8224-1954,CYT2651931Z5
S6649861H,ckyttorav@histats.com,1968-09-11,8284-6515,M4W0016259B4
S5570740H,nnorthridgeaw@moonfruit.com,1985-03-05,9274-4045,ZX83280705U3
S9020977D,kfrawleyax@jiathis.com,1987-05-11,8264-6738,AYW9291504V6
S9381975H,cbirkwooday@google.com,1964-01-16,9274-2525,XXU0220334R7
S9419262Z,dbohlensaz@examiner.com,1964-06-24,8214-7356,JAB0922783O3
S8439517X,ablumb0@jalbum.net,1950-02-24,8224-7049,D4F0985612C2
S4776791U,cgalierob1@reference.com,2005-10-04,8254-3070,H7U0441484H8
S0886520O,bmitkovb2@virginia.edu,1987-02-15,8224-2782,L558521382S2
S3570614X,gragateb3@eventbrite.com,1969-10-03,9234-4512,I6A4774530N6
S9620698N,rstemsonb4@illinois.edu,1950-02-24,8214-4486,MQ91874185R1
S1421735G,ctremathickb5@businessweek.com,1968-04-09,9294-1666,UP21199925I5
S9454571C,grobertshawb6@csmonitor.com,1988-10-07,8244-1448,JO52115863Z0
S1883737T,tberzonsb7@github.com,1951-02-26,9274-0567,GBO4387913N3
S0202488I,abolducb8@google.com.au,1987-04-17,8274-2081,SMT2656702C5
S9992313B,nowbridgeb9@java.com,1965-04-04,8244-2522,IIN4846009O4
S1425687P,maistropba@spiegel.de,1953-05-30,8224-3247,GGS4723776O1
S1466673V,blouysbb@over-blog.com,1967-11-23,9294-3548,STD6645402H9
S3595265U,aaldrichbc@bigcartel.com,1957-04-07,8224-9660,UQG7798828L4
S9914949O,grobertellibd@slate.com,1968-09-04,8274-9291,PMR0710602T1
S5040205G,ksponderbe@auda.org.au,2001-12-05,8214-4410,DX96895041P1
S2376783P,knolotbf@telegraph.co.uk,1988-04-29,9244-2238,SRW0884666Z9
S5633493I,dcousensbg@amazon.com,1988-04-10,9254-1987,NNU9728320U1
S1373416X,lweekesbh@rediff.com,1990-04-01,9254-3355,ZN33665254N5
S6016899I,sfaraganbi@discovery.com,1994-02-19,8254-0540,G2V2671375Z8
S2171069C,emattiazzibj@indiatimes.com,1972-01-29,9214-1783,M6F3693473D7
S1336655N,cpagelsenbk@nbcnews.com,2007-12-03,9264-5504,U1J0445786F3
S2777086F,bgrisedalebl@shareasale.com,1955-08-02,8224-7849,DMB1920303W6
S4249162Q,rjacobsonbm@bloomberg.com,1950-04-17,8274-6476,U6O3852859S9
S7727618E,fjerschkebn@360.cn,1994-05-05,9244-5952,THS8224623I5
S1051594R,gemlenbo@slideshare.net,1966-04-30,8234-9621,TPY5060623Z6
S3692271R,bhansombp@ca.gov,1994-07-14,9244-8797,PQA9755288M1
S6636738U,oharcombebq@moonfruit.com,1954-01-28,9224-4210,QYA3689646B5
S3228493M,ewalkingshawbr@123-reg.co.uk,1989-08-22,8234-6579,YDM2850042I0
S0096637L,dsommersettbs@indiegogo.com,1998-07-28,8224-1142,XPY3700353J7
S2652316G,hworviellbt@ft.com,1969-08-24,8214-2833,YJD7967656Q1
S2933250Q,gtownrowbu@google.nl,1974-04-19,8284-1041,YKU1827345E8
S1132977F,swhopplesbv@nifty.com,1967-07-10,8204-1904,CRB9596929C1
S7323555E,estanilandbw@hhs.gov,1957-01-29,9284-9462,FFN9564142B5
S6349954H,jbromontbx@bbc.co.uk,1953-06-01,8264-6328,HDP2740006I4
S7006638U,jkemsterby@ftc.gov,1971-12-22,9224-4349,TR35200093T2
S2308786P,rminesbz@rambler.ru,2005-08-01,9214-5056,D8A2550589R6
S7639255U,mcancuttc0@surveymonkey.com,1969-11-24,9264-7292,DXP1947297Y9
S5371055J,vronaynec1@nyu.edu,1976-09-15,9214-5655,H1X1157528J6
S4590677O,kshapiroc2@delicious.com,1985-07-05,8224-8892,O9H3220300L8
S4043784R,praffeortyc3@bluehost.com,1974-01-04,9254-5552,N274539481I6
S4065483T,bhenricc4@ezinearticles.com,1987-10-16,8274-7436,XEI4113274X7
S8062965T,syezafovichc5@wisc.edu,1982-05-04,9274-9289,I141189623P7
S5229071T,cciricc6@t.co,2009-03-11,8224-2712,NAM9640051F7
S2002562Q,vheggsc7@elegantthemes.com,1978-11-05,8214-8819,MSX2363814F4
S0603579P,bvaenc8@japanpost.jp,1963-07-14,9284-1444,XBQ7039492O7
S3172145P,tnuddsc9@nationalgeographic.com,1987-01-15,9254-3020,QQ18867772B5
S0196256U,rmcgauganca@amazon.co.uk,1970-09-14,9284-6707,OKT6609623M7
S0212250Z,dornilloscb@printfriendly.com,1977-07-18,9244-1137,WNS8908698D0
S4983951F,jnultycc@netscape.com,1961-06-03,9274-2144,KEM6815495H6
S3154034G,jfelliscd@google.ru,2002-06-21,9214-3249,CSX4411210I5
S5483253Q,wmacnishce@admin.ch,1984-10-17,9214-8028,XZS9352277I6
S5102612D,nmaggillandreiscf@cnet.com,1960-07-20,8274-4977,ZZI3839577B9
S2035738N,ghenryscg@dedecms.com,1981-05-27,9274-9338,GQ19243686Q5
S5139064Z,ldecayettech@nydailynews.com,1960-10-06,9264-2865,UG22633120O7
S3788248D,llyndsci@reverbnation.com,1972-08-19,9204-7410,I8H1760015N9
S3100075J,mquartermainecj@weibo.com,1968-05-20,8244-3435,R1J7594039Q3
S0381560B,cmacfaulck@google.ru,1997-04-20,9284-8491,L6I9714048Q0
S9156750N,abarbischcl@ask.com,1967-08-21,9254-2403,S9Q5245198N9
S6101914V,mossultoncm@elpais.com,1962-06-25,9254-9879,UJ95037263A0
S6411609I,sgodsellcn@wordpress.com,1980-04-12,8254-3993,JE38603612G1
S3069598Z,gbabinskico@123-reg.co.uk,1991-09-26,8234-3449,E0X8410229Q9
S3890493L,flongworthcp@sciencedirect.com,2008-05-03,8294-8397,TTA6874821W7
S8476576Z,dbeyercq@soup.io,1997-06-28,9284-9500,FDS6202485W7
S8517497A,gduchantcr@google.co.uk,1992-03-18,9204-5150,X8N0383884K9
S6035828F,dburncs@eventbrite.com,1979-01-16,9294-4899,URP9271311L3
S5948751I,aweymouthct@washington.edu,1952-05-25,9234-9008,KWH0640830G6
S0867006V,hmarchellicu@simplemachines.org,1996-01-01,8254-7101,F707818910G1
S5837610D,dmacgowcv@redcross.org,1969-01-07,9264-2639,HYH4010121C3
S3870384S,vmarlecw@devhub.com,1994-03-27,9274-8212,MF80942869J3
S4820430F,rballinghallcx@reference.com,1958-05-31,8234-6507,CFO7950012S0
S8700514J,kburnecy@nhs.uk,1960-12-10,9224-1143,MKD2186868U5
S6513988E,jkelemencz@nifty.com,1985-10-22,8214-2738,KMP5054383E0
S6382360S,frawsond0@cbsnews.com,1958-01-13,8224-1341,OHD3690842I8
S0119955I,jmassardd1@elpais.com,1978-03-17,8234-8210,VYZ9431605L4
S4742264C,jrodbourned2@youku.com,1952-02-02,9264-4308,GVZ6660484V2
S0497716C,ablazewskid3@reddit.com,1988-11-05,8284-3201,LGR9843896X4
S7689740I,kciottid4@cbslocal.com,1984-11-22,9254-0742,MFU6389609W1
S6956510K,wbourhilld5@sbwire.com,1953-09-13,9294-4331,RPQ3695029L4
S8663412O,cwhitlandd6@columbia.edu,1985-06-08,9284-2287,KGK3366827P5
S0970028O,rokynsillaghed7@flickr.com,1979-10-02,8254-7182,KST6392192R5
S1833388G,dsalazard8@telegraph.co.uk,1963-03-23,8274-9381,XI01941579I9
S6084175G,gstockneyd9@weebly.com,1980-08-02,8204-4230,SX69145854F9
S5677202E,rhankinsonda@wufoo.com,2006-04-07,9254-9173,RYK1591747W1
S3242708L,dblaxleydb@rakuten.co.jp,1961-06-09,9234-1977,IBX6434642C8
S5329186O,ntilbrookdc@dailymail.co.uk,1975-01-15,8224-3931,H635595676M4
S6712308O,priddlesdd@blogspot.com,1960-03-25,9294-1825,IUT2563063J0
S4197169E,atacklede@163.com,1992-08-30,8284-7253,H2X9802631Y6
S7614194A,nsimpsondf@booking.com,2005-11-24,8224-3819,A9O7968557E5
S5819502N,ifarquardg@diigo.com,1985-06-21,9244-2315,HI11770305V5
S7503314C,fsleitdh@home.pl,1958-12-13,9214-4766,J0L5105973X0
S6140975G,rbysakerdi@forbes.com,1999-09-23,8234-5377,C0D7642007W4
S3343583A,geverissdj@bing.com,1963-12-15,8284-7093,OCX5283664S7
S1393936O,wcornierdk@sakura.ne.jp,1999-01-12,8254-4313,EWP0527718P5
S5506616E,akillbydl@eepurl.com,1999-12-20,8234-4354,OTK0918913G6
S1484752S,bgorsedm@unc.edu,1960-10-11,9244-1579,H5L2779345L7
S9327403Z,obeyerdn@myspace.com,1987-04-23,8214-5839,JYT6756034O0
S4608422T,tbeethamdo@booking.com,1966-06-20,9224-2574,E7A9358301C5
S6817777L,eledsondp@princeton.edu,1978-11-17,8284-5285,V3Z6458810C8
S4184154R,pdelahuntydq@forbes.com,2008-08-05,9264-8490,TPA4131128Y8
S6943395W,fmilkinsdr@soup.io,1972-06-14,9224-4958,JRK6621397P7
S8867804F,tcometsonds@merriam-webster.com,1959-01-29,9254-1928,F5X0329703Z3
S3387277G,mblodgettdt@dailymotion.com,1972-09-23,9244-8811,KCH4456663N8
S0646065M,dpaulsondu@nature.com,2004-07-22,8284-0945,FFO3794008D8
S5591193V,fbulliventdv@unicef.org,2000-02-08,8224-5851,H936272728L9
S1374715D,jjaycockdw@ucoz.ru,1980-02-29,9244-0531,XWO5853895L4
S4289824Q,pgorlingdx@google.co.jp,1982-05-20,9294-4928,OQU5549923H6
S5329093F,narnotdy@salon.com,1989-08-13,8234-3644,H4X5608813S2
S6738167L,bmarryattdz@google.de,1970-07-30,9224-2810,FZR4676452D0
S9354530Y,dmilhenche0@disqus.com,1978-02-11,9234-4549,AGU1812475U5
S6359627U,hlakere1@sogou.com,1990-04-04,8254-4182,BJ35574151P7
S1831071J,bmarkele2@hud.gov,1952-10-26,8234-5947,EJV2972542L4
S8585646G,rpulstere3@va.gov,1988-07-27,8274-5244,YMS5611287E1
S4630858S,ashergille4@privacy.gov.au,1953-08-14,8274-1329,ME85596963A9
S2971926V,mmonahane5@dot.gov,1992-02-26,8224-4984,CYK5241846N2
S7113201Q,smussottie6@amazon.com,1979-02-03,9234-4685,Q407868591L1
S0927147T,pcoughline7@drupal.org,1956-02-14,8234-1282,TE94636414R5
S7173118P,pownsworthe8@fastcompany.com,1987-08-31,8264-2550,SW07357381N0
S0846481S,dstrevense9@slashdot.org,1997-05-27,8204-1265,YDH7839721C6
S3063766G,bjorgesenea@nhs.uk,1993-01-27,8284-9931,RXH5919999C9
S9589746X,cdyballeb@nyu.edu,1990-04-16,8254-6299,IFM0193977D9
S8873619O,lmacgauhyec@walmart.com,1960-02-08,9264-1857,L0U2492222Z2
S5001504J,gdeenyed@etsy.com,1975-12-06,8294-5051,QFP1769907L7
S2711000I,nbarmeee@furl.net,1967-04-19,8214-4051,WG34155795B3
S4618860U,mheamef@usa.gov,1965-10-18,9214-6917,Z5Y3501809V6
S1924268C,gdenisardeg@vkontakte.ru,1998-12-27,9214-6571,DOO3200890R2
S3495069K,mbenhameh@mlb.com,1981-11-08,8224-4197,XW42141077G8
S2576922S,gianittelloei@instagram.com,1953-04-07,9294-6741,I748034077C8
S9811421A,mstoodaleej@gov.uk,2007-07-03,8224-4146,V2U3177705F0
S0893099J,cjorczykek@usatoday.com,1987-06-04,9214-6997,SV60046219Q7
S0079803Q,wolcotel@virginia.edu,1969-01-28,9294-0538,CY49733341C7
S6236990M,rjointem@unblog.fr,1961-10-12,9234-0862,VYL6898238W6
S8713023G,rhollingbyen@msu.edu,1993-09-26,9284-4582,TKN2972628Q8
S3737520Q,laaroneo@netlog.com,1972-04-07,8264-0545,Z271681733T3
S5641201X,cdykasep@auda.org.au,1987-01-21,9274-0779,TK75697583V5
S0330876Y,tantonellieq@ibm.com,1977-11-25,8204-1782,U4M6522933D9
S8671878U,hdenhamer@nifty.com,1962-11-05,8274-9982,S7N7298129W2
S2257706G,rcoppenses@cpanel.net,1997-06-06,9274-8789,GAK1167883M0
S8369259K,jwitheringtonet@blogs.com,1975-07-30,9264-6599,BX34003311T3
S8599856L,ibramwicheu@weibo.com,2000-09-11,9274-4185,T4Y8261000L2
S8599443C,gtregennaev@merriam-webster.com,1960-01-24,9284-8351,B066861727J8
S5036030R,kpreddyew@dedecms.com,1965-10-29,8204-9123,QDO0276909A5
S8498953F,rdinesex@icio.us,1966-09-02,9284-9832,PJK9613279O5
S4050098Q,hlaycockey@nih.gov,1983-08-01,9254-5331,Q5M2066710B5
S9543116Z,mionnez@github.io,1995-03-19,8234-6123,MH29588346I9
S3159321B,ableibaumf0@twitpic.com,1973-07-25,8214-1974,N354189347P3
S0947143V,idanif1@zimbio.com,1954-04-22,9294-6159,S1N4483242M6
S4763788A,dsowrayf2@meetup.com,1961-02-26,8204-5027,V8Q7493152E5
S9654642I,ccouzensf3@rambler.ru,1957-02-28,9274-2457,S2W1473256Y6
S0499946Z,gweddellf4@vk.com,1989-10-29,8254-0381,QG32119133A6
S6176426S,jthextonf5@wix.com,1958-03-01,9294-8619,KJG4909654B2
S1782187Y,kdunnf6@booking.com,1987-03-01,8204-7779,YSI1356008E7
S1745642I,hmosedallf7@goo.ne.jp,1976-03-06,8224-1097,D881656633U4
S4005201K,sroysef8@sitemeter.com,2009-02-11,8264-1249,IX05412193N3
S1932989T,emcritchief9@umich.edu,1957-08-12,9214-7509,U7S5053977N4
S3159790E,jskaymanfa@slate.com,1995-09-16,9214-1061,YO75438428U5
S2788206L,mshilletofb@cbc.ca,1952-11-14,9214-0300,H0Z4869601D7
S5756721Q,lspensfc@odnoklassniki.ru,2000-12-01,8214-3345,XTN2883650O2
S7368140R,nschoenleiterfd@wordpress.com,1994-03-06,8204-6758,KL55051486Q9
S2587108H,frabjohnsfe@chicagotribune.com,2000-01-25,9224-7959,SFC5437653A9
S7016046G,fmckeighenff@unblog.fr,1954-03-16,8284-3431,BIJ5393000C0
S6573484F,ccolemanfg@exblog.jp,1996-12-31,8284-7645,EPA9933767T2
S7813321A,cfernanandofh@ucla.edu,1989-09-23,9214-0909,MJQ4413663D8
S5132306O,gjelkfi@51.la,1984-11-25,9234-4917,CEV1635203V4
S4551955R,asandersonfj@webeden.co.uk,1980-09-21,8244-8395,H8M5075211O9
S3529044F,asanjafk@about.me,1952-04-11,8214-9772,AL42465607R8
S6633440R,kreithfl@umn.edu,1995-03-29,8284-1604,OYF9094000L0
S9441547N,ahatjefm@statcounter.com,1951-09-14,8264-7114,ZJG6599846V3
S2776009C,scappellfn@unesco.org,1973-09-10,8274-7584,M9A4071600E2
S7881436H,jcavefo@google.com.au,1994-10-18,9294-7186,JOK5515449T2
S3544846S,jkilbournfp@pinterest.com,1955-09-08,8244-5143,L990592679H3
S8243987G,tmosebyfq@histats.com,1985-05-19,8234-3060,YMF4272026M6
S4038321R,nocollopyfr@cbc.ca,1998-11-11,9234-1067,WJC9953644L7
S6132741N,cbygrovefs@freewebs.com,1997-12-07,8294-1220,PGY0022049R5
S9232809D,csnedenft@infoseek.co.jp,1977-02-09,8264-4723,CFF9140476B5
S0072275Z,dmallardfu@bravesites.com,1951-09-07,8224-1392,BIV0125379K8
S0351480C,cchiversfv@nbcnews.com,1950-06-25,9224-9667,P9Y5523861X4
S8758121D,lszreterfw@comcast.net,2003-02-07,8234-5186,F9C5103871H1
S2556885Z,daronstamfx@topsy.com,1994-08-28,9284-2996,Z554316301Y9
S2189065Y,aclailfy@fastcompany.com,1989-11-14,9204-5837,A321914256N4
S9587483B,mjubbfz@wired.com,1966-12-07,9244-7511,ZLS8577293U7
S8976291Q,csebrensg0@mapquest.com,1963-10-10,8294-2629,E0U1298930R6
S6330967N,gsweedlandg1@usa.gov,1984-08-29,8204-3023,MGU2493746U1
S4703258A,eblaxlandg2@elegantthemes.com,2003-12-14,9294-2091,QBV8190337U2
S2287460P,fbeebeeg3@networkadvertising.org,1954-05-02,8264-9353,IF19148517F9
S5419324O,lwarhurstg4@weather.com,2007-07-18,9254-5369,T648567466S9
S3105216S,satlingg5@ft.com,1952-10-26,9224-7540,C0Z5061314H7
S1993886N,pcantwellg6@sphinn.com,1968-05-06,8264-1884,YGJ8421994S4
S7689246F,mjoanicg7@ovh.net,1975-09-14,8224-2929,YJ47606745P9
S8166589Q,ojoyg8@yahoo.co.jp,2005-03-28,8264-5143,M4Q2709445R3
S8693971A,kglazeg9@plala.or.jp,1984-06-24,8224-9039,VQ67565197W9
S7669151L,mpigginsga@boston.com,1962-11-12,8294-2041,KVE7814884A9
S2037111H,ecowsbygb@zimbio.com,2008-03-04,8214-7486,LNH6201295L7
S7005789Z,ijeromsongc@1und1.de,1965-05-12,9224-9351,I8I2026181M1
S2152670N,cjumpgd@newyorker.com,2002-07-08,9264-6940,I4F0749602Y6
S7706633B,eassenderge@accuweather.com,1996-08-31,8214-3743,YK41065153I4
S1815969O,adwanegf@bravesites.com,2002-04-20,9264-5837,Z3A1910179J6
S2761603D,areesgg@ca.gov,1969-11-04,8214-0309,YRS1769873K9
S1587939U,karnaezgh@wp.com,1986-07-31,8264-4379,AIK1481430H6
S4439117T,msantoragi@sphinn.com,2007-02-19,8254-6166,RLO2755912S9
S4703391N,bbentsengj@goo.gl,1956-08-24,8214-1211,IFZ6032018P4
S0855324D,apettigreegk@webs.com,2004-07-16,8244-4943,VNI1864327Q2
S1371643K,cjagsongl@nyu.edu,1987-11-19,8204-3886,PCN7242968O9
S1905854I,bwarrendergm@youtube.com,1980-11-13,8284-1486,LGR7790943F5
S3755015R,agallopgn@amazon.co.jp,2001-10-23,9204-8820,GKJ0368302G1
S0714024X,mmilesgo@merriam-webster.com,1999-06-16,8274-6575,NU28086416D2
S3333852G,fsneppgp@adobe.com,2010-05-16,9224-5362,U826369502J3
S5759319C,mmaccorleygq@mail.ru,1980-09-28,8224-9407,PUV4419264L3
S8998967G,gaucoategr@amazon.co.jp,1975-05-18,9284-3636,HL53483757G7
S1535097T,gdanahergs@sphinn.com,1978-07-06,8234-5377,GXM7188312T1
S9984726B,smcauliffegt@fastcompany.com,1974-02-04,8254-0546,ECR4748681I8
S1451416S,fvolksgu@craigslist.org,1978-11-22,9244-1595,PLQ2906461I6
S1908532C,clamasnagv@pen.io,1976-07-11,8244-4832,WPR0981245Q2
S1471367C,ageistmanngw@creativecommons.org,1970-10-04,9294-7011,DWZ2499040T9
S5057945F,hdowmangx@list-manage.com,1952-11-10,9264-6172,R3K0345423F7
S7535065P,wcorstorphinegy@msn.com,2009-10-13,8214-0579,GLS6605103E0
S0940150Y,edelosgz@vimeo.com,1956-01-06,8274-0897,V7K4397183O0
S2959337N,pgearh0@examiner.com,1953-07-08,9224-1793,MPI6259752V8
S4843222E,lalpesh1@php.net,1974-06-13,9284-7056,T2M3635515A4
S1455305S,rsterndaleh2@bbc.co.uk,1987-07-28,8284-8269,PYS1816229X8
S8547209H,mdavleyh3@eventbrite.com,1955-07-07,8284-4755,H381834831L9
S4829080Q,rdavidofskih4@si.edu,1980-04-07,9214-0441,YAO0563465E2
S7672001T,akiezlerh5@w3.org,1995-01-04,9284-8246,M695521350U4
S4751834J,wwhalh6@slate.com,1956-01-08,9204-8345,UTX9895731U9
S0434102Y,bmartschkeh7@china.com.cn,1984-04-25,8224-6630,ZR14396437Z7
S9097069E,ccollinetteh8@aol.com,1972-12-23,9274-6764,N192124536X1
S9810699R,mphillputh9@opera.com,1991-06-07,9254-8539,GAQ4489610U7
S6534792X,kambrosiniha@icio.us,1995-05-21,8284-2237,LMB0993073M0
S0116450G,bjeeveshb@lulu.com,1958-12-29,8284-1339,KYN3717540Y7
S7822000C,whethronhc@paypal.com,1967-11-28,9284-5507,FBQ2318007L5
S8505010E,sdeehanhd@360.cn,1953-12-19,8204-8347,DLK6911990P3
S9097464G,sdufferhe@tripadvisor.com,2001-07-27,9244-7034,TO15279874R4
S5933837U,kcornelleauhf@multiply.com,1989-01-27,8234-8153,E863728466K9
S1512086T,hcastlehg@hatena.ne.jp,1970-06-02,9244-9269,FA25102982C3
S0704075R,eosseltonhh@ifeng.com,1979-07-03,8284-1849,OLX2062336Q6
S3735362L,askamalhi@jalbum.net,2004-03-22,8204-2477,VXS6358612T9
S3545375Z,tlabordahj@accuweather.com,1959-11-23,9214-8023,CQT7963711X2
S8671883T,islitehk@hibu.com,2008-09-24,9234-7550,N8F5149860G8
S3651538Y,whamertonhl@t-online.de,1950-07-31,8264-4389,VY54632190X3
S3722042J,bcomporthm@bloglovin.com,1986-12-22,9254-8626,KGX8037086B8
S2693252O,ktowshn@mozilla.org,1983-10-16,8244-1042,MFC7355881N5
S2922824B,mstearnho@wikimedia.org,2002-10-02,9214-9276,GOF6013158D9
S4110248Q,kbavinhp@mashable.com,1970-12-10,9264-5607,CS76319245T0
S2325220F,ntouthq@xing.com,1968-03-18,8254-6579,D7P7800945P2
S8792581F,acolisbehr@photobucket.com,2009-03-22,8204-9594,J0V9596031B7
S4900831Y,dbaackhs@cpanel.net,2006-11-16,9264-1983,W0C5274433O9
S4547897P,cpaschekht@bbb.org,1958-07-24,8234-5414,QN27136798I1
S2407280E,dlochheadhu@gmpg.org,2002-04-13,8284-1657,COY3933031V0
S8916003J,mhartlandhv@google.com,2000-02-17,9224-9632,SMA2571961S1
S4898567S,kwadelinghw@vimeo.com,1961-08-31,9294-2493,C549739586S1
S9992548X,sgurnerhx@usa.gov,1954-05-24,8294-9756,OU19676203B5
S0170898T,edroverhy@webeden.co.uk,1979-10-12,9284-0511,VL50150860N9
S4919124E,khaackerhz@accuweather.com,1959-05-03,8284-4373,VO09898283O2
S9688001D,vkulici0@usda.gov,1959-01-04,9294-9214,P2J5409528H9
S0908124Y,kgosfordi1@hugedomains.com,1997-04-26,9294-4812,HF83920311W7
S2845618K,sdelmontii2@jugem.jp,1962-05-07,8264-1972,ZUH9036498A7
S1277895Z,cgiacobilioi3@blogspot.com,1963-08-24,9264-4103,CGL1787157J1
S9401610I,njobei4@sphinn.com,2010-03-16,8294-4731,KA29497306V5
S1512797C,mdunnetti5@wunderground.com,1960-09-13,9254-5830,V7J4061980I8
S1739542L,fbeaudryi6@chron.com,1971-09-19,8244-6603,XQW0226344J3
S3559364H,soscannilli7@fc2.com,1963-07-30,9294-3627,YMF8157756I5
S5123917E,tskentelburyi8@addthis.com,1963-03-25,8254-9653,VFA3595745U4
S8931067X,oalfusoi9@1688.com,1957-07-11,8264-5435,HLR7319325F3
S0905871K,breadwoodia@yale.edu,2010-07-15,8284-8841,UF25437294P8
S3918757A,abelfeltib@cmu.edu,2006-10-22,8264-0275,UOP1864940A0
S8339033B,swilcinskisic@usda.gov,1990-09-17,8244-6335,IM94654693Q6
S1226081P,egrishankovid@opera.com,1958-06-23,8204-7381,JQZ6290800G5
S8263124G,jdivillie@nature.com,1983-06-14,9234-1757,P1E3622261X5
S3772175W,lephgraveif@ucoz.com,1972-06-18,9234-7728,X6A0964869M7
S7376466R,dkitchensideig@hao123.com,1986-06-07,9294-2733,H717328996C8
S0305944I,abaukhamih@symantec.com,1956-07-14,8254-8614,HBI1099136H6
S4542192I,bwigzellii@accuweather.com,2000-01-08,9264-1683,VXG4390782B4
S1618572J,marrowij@tamu.edu,2010-05-30,9254-1231,HBI7206039R8
S6050328V,pletcherik@imageshack.us,1960-08-04,9294-1770,Z9L9768285P3
S7338675M,ddanzigil@japanpost.jp,1959-05-01,9244-5981,MW91078478R5
S0252677R,mvitetim@instagram.com,1999-05-26,8224-4496,U2D6445212R6
S7076013M,gpattlein@nytimes.com,1978-02-07,9284-3633,L5W6065006T9
S4743456E,kbastoneio@forbes.com,1970-05-24,9284-6831,XKM6590850E1
S2587530J,bfiremanip@seattletimes.com,1981-04-12,8234-7581,DUP9013592U2
S7243132Z,ckleinpeltziq@elegantthemes.com,1982-01-11,9254-2749,NKO6533876U3
S5497401B,crandersonir@51.la,1996-07-31,8254-1799,WWN4642961T0
S0550703C,chakeyis@wordpress.org,1951-01-01,9254-3729,O7D2504992S1
S9248730I,sspavenit@bizjournals.com,1985-01-02,8224-7163,K6B5768649X7
S8677758M,gcazaletiu@addtoany.com,1978-02-13,8204-7641,JOO6335551Q2
S5892865W,aetridgeiv@homestead.com,1968-11-29,8204-3862,C779211968I1
S5026554A,ncreminiw@msn.com,1951-11-28,9224-6782,SY05978004L7
S4327168F,icauseyix@google.ru,1968-12-21,8214-1712,Q9V9282383K1
S2962381W,vmccloryiy@zimbio.com,1964-07-03,8204-2177,EM92601576R7
S0794746C,hhearseiz@edublogs.org,2000-07-31,9254-9018,WL11642821H8
S2312727B,msegebrechtj0@discovery.com,1983-09-27,8224-8624,FHA5276526N4
S5607762M,iridsdellj1@liveinternet.ru,1972-06-22,9224-7150,SMB1889056T6
S4543585Z,abowcockj2@cbslocal.com,1987-02-23,8284-9314,SVC4048765W2
S3943893E,buzzellj3@bloomberg.com,2001-12-17,8244-4790,DDL4373201M4
S8651557Z,sseebornej4@toplist.cz,1950-01-07,9254-2510,OIQ8942148C4
S3912397D,bdunbobinj5@house.gov,1956-11-26,9294-1549,YXX8269961Q5
S3011406W,kdrewetj6@51.la,1962-05-19,9294-8942,HUV0020958H2
S8859778X,cbollej7@hud.gov,1972-12-29,9244-6288,ZK06000374R2
S1631856T,rjancaj8@stanford.edu,1957-11-03,8254-3071,YDL7350808E4
S6436812N,lnivenj9@umn.edu,1975-06-26,8264-9195,WZV2192492J3
S1501815O,anewberyja@omniture.com,1994-03-08,9234-0744,U7Y6566516U2
S1588865G,dvasnevjb@chron.com,1986-07-29,8234-7517,LX29680407J5
S5767688J,toakenfalljc@sourceforge.net,2006-04-06,8284-5193,IRD0555693X9
S0435096P,cdythamjd@webs.com,2001-11-24,8254-3732,ODW3157825F0
S2705542B,iglyssanneje@ed.gov,1966-11-06,8234-7151,LKI6376325E6
S5768253O,asiaspinskijf@woothemes.com,2001-03-03,8254-4440,IG98822343V4
S9312491M,kstathamjg@google.pl,1990-03-18,9214-0675,H7H2374983P0
S5046267H,ltyttertonjh@live.com,1987-11-28,8234-8813,C8H3982737Q8
S0860603T,klinckji@example.com,1958-03-05,9254-9339,ZVW8295100P8
S0008498Q,bbraggintonjj@weibo.com,1960-12-03,8294-6257,SHN7965311D4
S5479873H,swalczynskijk@upenn.edu,1970-07-13,8204-5530,BWQ7355919S2
S0642152K,rdainjl@bluehost.com,1976-04-18,9274-8809,CG57814915U5
S0847730T,shubbuckejm@tmall.com,1973-09-08,8274-5087,XZU1729083I3
S9548665G,hbewseyjn@amazon.co.jp,2000-07-03,9294-5130,M9O1743908D3
S0496688E,llangfordjo@ezinearticles.com,1976-07-13,8264-5473,ZF30181044U1
S8618243P,rkilmisterjp@hibu.com,1961-01-20,9274-1563,UIA4893123E5
S5715388P,aabsolemjq@google.com.au,1967-05-01,8264-6704,TNY8342163J1
S4220991J,bsangsterjr@unc.edu,1977-04-30,8264-2297,N593456519L2
S8230998Z,handriuzzijs@youtu.be,1999-03-17,8234-1053,IEJ8237463R8
S9716250H,rvassejt@linkedin.com,1966-02-04,8294-2307,XSB7599628A8
S2176346T,dsummergillju@shinystat.com,1975-11-07,9254-1863,TYM6897337E9
S7353424S,eocooneyjv@1688.com,1983-06-12,8204-1270,HAM9427394F3
S4273779O,lcranchjw@bbc.co.uk,1955-01-08,8254-7925,XM51471281T5
S6327912S,wcornehljx@opera.com,1953-04-26,9244-7959,QOH5674874G7
S3928120V,ocullivanjy@com.com,1981-03-31,9214-6998,IR92190818K9
S4482434Z,mscotchmorejz@marriott.com,1959-11-03,8254-7007,OJX4201399P0
S4446768P,rbrickseyk0@digg.com,1981-09-23,9284-7302,VH25923413F9
S8534902Q,jmariotk1@state.gov,1960-04-15,9284-6456,BQM6695826V4
S6120602K,cbrahmk2@instagram.com,2004-12-09,9254-8058,K558851962Q1
S1391648T,tbyassk3@businessinsider.com,1952-07-24,8234-4812,SIG6754915Y4
S9068493M,cfortink4@tripod.com,1980-12-02,9224-3514,K9N8410415Z7
S7338683W,tgoldringk5@irs.gov,1981-06-02,9224-3124,PK43354992U3
S5694332D,hmelladewk6@mashable.com,1950-05-18,8274-9964,PZC6256267I3
S7790655F,ftellingk7@theglobeandmail.com,2005-01-20,9274-4565,GS14511827R0
S6459368J,ehellink8@gov.uk,2009-01-16,9204-7777,TJG1678170V5
S2593696Q,rdunderdalek9@google.co.uk,2000-03-05,9254-8535,PZC4097394B5
S7370731A,kbarlthropka@nba.com,1982-03-27,9284-4102,JUJ3459196X0
S7626687X,ldabornkb@edublogs.org,2008-04-19,9214-4056,U9S5088712Z3
S9718899M,sklulisekkc@etsy.com,1950-07-11,9294-0373,PDK2115619C4
S2235469F,nprettikd@myspace.com,1980-07-30,8244-7460,DOS3611361M7
S1691709P,mmaulinke@theatlantic.com,1993-09-25,9214-1686,X9L4201681D1
S6415133Q,aplayhillkf@feedburner.com,1961-06-15,9244-4026,FZW0292916O5
S3539969C,emccaskillkg@msn.com,1974-09-27,8284-4438,ZN10854535O9
S9083688Z,aadamthwaitekh@ifeng.com,1958-09-24,9234-2393,FQQ7006171Z5
S2242873A,rharrowsmithki@spotify.com,1956-07-12,8254-2447,JFW5014465Q3
S6695389Q,hdeshortskj@netscape.com,1974-04-28,8204-7975,I973970590I3
S2226705D,ncustancekk@redcross.org,2003-05-05,9204-5708,HZK2106458I8
S5636135C,fspellessykl@wiley.com,1993-04-04,9204-5299,SAW7274626Q4
S4610316A,gparlattkm@exblog.jp,1963-01-26,9224-4711,YCF1168670P5
S3596363E,dkiehnekn@ovh.net,2001-09-05,8264-6905,SKB6745672W4
S4355253M,ttamplinko@desdev.cn,1987-11-25,8264-5987,WSK2040250I2
S6226602H,mreinbeckkp@163.com,1966-12-04,9274-2449,Q0Q8679116E2
S9203845Y,hdibbinkq@cdc.gov,1992-04-16,9284-0437,QMG2715913D5
S5607566M,ijosskovitzkr@cyberchimps.com,1983-07-06,9244-0100,CHK0938068X5
S6246964I,ademorenaks@ox.ac.uk,1983-12-29,9234-4053,R6I6993589X1
S5701090A,sgarettkt@homestead.com,1983-06-11,8204-9070,N7Y7623466M4
S8068036B,rpleasantsku@tmall.com,2005-09-04,9284-8184,WB92357938W1
S2290638G,cwitseykv@lycos.com,1959-10-31,9294-3041,XSR5608686E7
S1486857U,brawlingskw@4shared.com,1959-12-08,8204-6615,TPH8395162U6
S5483503B,alimeburnkx@bluehost.com,1954-05-14,9224-0240,T0C0965584H2
S5822601U,lbentameky@washington.edu,2009-07-24,9294-7537,XHM3474366C5
S4415067U,dzorzuttikz@uiuc.edu,1966-03-19,8284-6690,JEH6925187G1
S8760711J,btallonl0@hatena.ne.jp,1964-05-28,8264-5443,TOM2555703Q2
S3955003S,brossettil1@163.com,1961-01-28,8244-2671,MNH8275367Q3
S3921044Q,bgermainl2@illinois.edu,2005-04-07,9244-5087,SDX2392120C4
S3726257G,mgathwaitel3@mac.com,1970-11-22,9244-3545,TP65131066L4
S9623959P,dbengalll4@mozilla.com,1971-06-29,9224-4139,ZJU7218656R9
S7229622C,bweldl5@woothemes.com,2008-07-23,8274-4371,YRR6734651V9
S0883199T,vsowrahl6@youtube.com,1969-11-23,9244-1361,KJE4722688A0
S0635678M,tomahonyl7@dyndns.org,1989-03-30,9244-7633,WRF3695815C7
S8990507T,iwhatmoughl8@google.cn,1958-06-19,9234-9299,YKO8212811E4
S1589033G,gedensl9@list-manage.com,1969-05-04,9254-1476,AHK0134945E3
S3163442R,rlambdenla@virginia.edu,1974-11-10,8274-2336,Q348117730O7
S7185563Q,cmarquandlb@google.ca,1965-07-01,9224-5547,UF81268942W8
S4929726D,jtidylc@washington.edu,1956-02-19,8244-8785,UIS6123862E2
S7553578F,amathewsld@ameblo.jp,1989-03-16,9284-7397,J156827896Q0
S6699314H,aburdittle@opensource.org,1978-02-06,8264-0704,OTV4564759Y5
S5112923U,lthormannlf@twitter.com,1979-03-08,9284-9091,YI86713547C5
S3174851I,ksloyanlg@arstechnica.com,1970-01-01,9204-9608,ZAL7595376Q4
S2229840R,osherrockslh@engadget.com,1985-10-11,9204-0109,U996447482W3
S4598297D,gdiantonioli@unc.edu,2005-05-20,9284-1822,ELN0572280V7
S7868049D,sdennislj@prlog.org,1987-01-05,8234-4116,SQ50629811A7
S6836389J,mtoraldlk@hibu.com,2008-06-18,9244-3840,CJI9665090C1
S4803153Y,gmaytomll@discovery.com,1953-03-24,9244-3086,SDR9617763S1
S8890352X,ydorwoodlm@livejournal.com,1955-01-23,8274-2882,I0N8039544Z4
S8177850T,lgoriniln@economist.com,1984-12-05,9224-9274,R173735022G2
S1882018K,lpearceylo@msu.edu,1975-09-18,8254-6580,T3Z7113847F8
S0689384I,mboughtwoodlp@wunderground.com,1961-06-12,8294-2945,CEX7798219G5
S8893672D,omeryettlq@telegraph.co.uk,1971-06-19,8254-5860,KBT3099235L5
S0757683Q,lelphicklr@gnu.org,1964-10-20,8284-7022,K7Y2708410A0
S3428613U,mthursbyls@jugem.jp,1987-03-03,8204-0698,KIW8106646Q7
S3957018X,gbernhardssonlt@opera.com,2000-05-30,8224-6423,G0I1954003O6
S5227989Z,wgribbelllu@4shared.com,2001-09-05,8254-0872,PDU6745078S7
S3987865S,spacittilv@forbes.com,2008-08-17,8274-9610,HLV3978149K1
S8233345N,abisterlw@bloglines.com,1957-12-07,9274-3390,CYX2669531W7
S7532577D,lfaireslx@uiuc.edu,1950-12-20,8274-9671,VYN0421907E4
S0241094V,tchidgeyly@clickbank.net,1993-09-25,8294-5249,YJE3595851B3
S7391738Q,cstandishbrookslz@sourceforge.net,1975-05-22,9274-0984,YQH2498229I2
S3234172H,krembrandtm0@ucoz.com,1992-08-13,9204-6851,QVU1213451F6
S8888370M,eciobutarum1@businessinsider.com,1993-09-08,8214-9156,F6A5419787X0
S0627405R,wcracem2@seesaa.net,2006-06-21,8254-0325,LFT5142247T5
S6389057K,bfiginm3@boston.com,1987-01-25,9224-7564,I2H6437609B2
S3858764W,wmularkeym4@cdc.gov,1984-06-29,9254-2339,TBQ3962174J6
S0484536V,kinnwoodm5@diigo.com,2002-02-13,9274-7177,BH53030711P0
S6388736R,brantoulm6@foxnews.com,1966-10-23,9264-4202,BGK7949147S8
S0443112G,ashaxbym7@chicagotribune.com,1974-02-26,9224-0850,LBD5193850Z6
S0651930D,cmcgheem8@indiatimes.com,1971-02-17,8244-6445,X1T4362450O4
S5961701X,ceakleem9@ucoz.ru,1964-06-26,9254-6347,FNA1362709S8
S9988885K,mgerreltsma@addtoany.com,1993-01-09,8244-9193,S9P8652843U4
S6663435G,bmacsporranmb@google.nl,1999-11-26,8234-8376,KPI0396662B7
S8858122R,gmccauleymc@facebook.com,1973-07-25,9244-9198,RM38292835F2
S0900796Y,dhawkinsmd@intel.com,1968-01-27,8234-0544,G0C3312742B7
S7326750G,fyusupovme@woothemes.com,2009-11-08,9294-8919,D162251415Y0
S1963855U,cfulkesmf@yahoo.com,1959-07-03,9244-1400,OFE7326723P9
S8275714B,basplenmg@google.com.au,1963-09-30,9204-5581,TF38009327O0
S5056451H,eelietmh@nih.gov,1990-11-06,9204-4691,PLX7601174D4
S2166140G,abroadberrymi@com.com,1984-10-29,9294-7352,MQE2801044S9
S2571330B,naskewmj@europa.eu,2001-09-17,9234-6789,RSD2999193Q8
S6721269J,rziehmsmk@loc.gov,1960-09-07,9264-0502,XFZ4534208Z0
S9806335B,ppinchbeckml@taobao.com,1958-02-13,9254-6326,SNT6478528D0
S9560168R,mlukasmm@deliciousdays.com,2010-02-02,8224-2198,RRY1700310H3
S0409646P,squereemn@businesswire.com,1976-01-30,9264-5843,LV29854669Q9
S3629832V,fwoolastonmo@ftc.gov,1984-02-01,8234-0745,MWU9111385U5
S6751297U,ttunnicliffemp@elegantthemes.com,1968-10-01,8204-4893,YDO8669577Q8
S4167268O,eborgnemq@gizmodo.com,1969-07-30,9284-3478,YEB6758158R6
S7335315P,kiczokvitzmr@whitehouse.gov,1998-11-22,9244-4913,LXD0227509I0
S6304870Z,rhaneyms@youtu.be,1968-12-06,9254-1833,P8M2429920C5
S2289942Z,zvasechkinmt@businesswire.com,1977-06-12,9244-5897,NNP3154649O1
S1570992N,lvarnhammu@geocities.com,1990-10-22,8294-3599,F756405424R2
S4128856W,llammertsmv@timesonline.co.uk,1974-10-27,8224-5069,LTK4431777C3
S6610935C,jcarressmw@latimes.com,1993-11-20,9274-6274,JXB7211210E7
S3661185O,cfidomx@hao123.com,1969-06-23,9234-5311,SJK6601451P2
S2382009J,drobertzmy@yellowbook.com,2008-10-17,8294-5288,TMC4297918W4
S2212871T,jcrittalmz@jigsy.com,1950-08-04,8254-4683,C6M4341475D8
S8027402O,spauncefortn0@fda.gov,1990-06-22,9204-9181,SG76581202K9
S4571413Y,apallinn1@slideshare.net,1969-06-10,8254-8374,XVG2160293A4
S2263469K,mvanderbruggen2@dion.ne.jp,1996-06-14,8234-7046,F4Q2019270S8
S9299784D,barissn3@senate.gov,2003-08-25,9254-9335,VD87792456B3
S6961698R,jpourvoieurn4@imageshack.us,1980-03-01,9204-6178,A738514569G8
S9170157G,jgayn5@wunderground.com,1979-08-26,9234-3322,O055214401Z5
S4254587H,maynoldn6@google.com.hk,1974-08-07,9234-1969,RW96038416E4
S4385128Q,oparleyn7@ameblo.jp,1957-09-18,8204-8737,JEA4809493Z8
S4862232N,ttrousdelln8@imgur.com,1970-03-23,8234-2887,VBT2793193C6
S2148146C,jhiblingn9@mapy.cz,2004-05-17,8204-9326,ULT3097284J1
S9046899A,dblackburnena@so-net.ne.jp,1955-04-27,9254-4761,Y8Q4974144B2
S6598360O,roldfordnb@bravesites.com,2001-09-06,8204-8152,H923152762C1
S3198816V,hdoorenc@smugmug.com,1968-04-21,8204-3587,MF87324542K8
S5381256Q,orestoricknd@ameblo.jp,1957-12-15,8214-1629,HS63580181Z1
S6810791M,lgrassne@studiopress.com,1967-05-16,8204-5460,GSE9635546O7
S7183341S,ngarrattnf@lulu.com,1969-11-25,9284-0212,NYB5431054V4
S9189973V,jrodsonng@amazonaws.com,1979-09-22,8264-7820,XXD0472207D5
S3092564Y,hklimmeknh@pagesperso-orange.fr,1963-10-13,9234-6832,PRQ3960910I5
S6063976G,sbriandni@flickr.com,2000-02-18,9284-6965,BQU6420688Q2
S9049908U,smennearnj@com.com,2005-06-24,9244-2757,PDK3856232J6
S4782940M,mshalesnk@state.gov,1986-07-28,9274-1741,H6D0457034E5
S2400982X,mboijnl@columbia.edu,1950-12-26,8224-0293,VMW1900598M7
S6410748U,acorrisnm@ifeng.com,1983-11-13,8274-0626,EJA0473302L8
S0478030E,zdevlinnn@comcast.net,1953-11-14,8234-7487,CMX1903984F5
S6214281N,kmulgrewno@washington.edu,1960-01-14,9234-3524,SOY7075288N4
S1931244R,cweakleynp@blogger.com,1961-02-16,9284-1438,VDW2355569B9
S1520661R,mbretellenq@skype.com,2002-03-25,9274-0250,C5Z5889194H1
S5254514F,rlandrethnr@squidoo.com,1998-09-09,9214-0983,C4Y3702516W3
S7407636P,aharcarsens@ning.com,1999-01-30,9214-4201,F6W0417880G3
S0936567N,wokendennt@sun.com,1970-11-04,9224-6393,NX85547446C6
S2252635K,vbertouloumenu@fc2.com,1961-02-23,8294-0978,KWL5725374U6
S7010703C,cwilsteadnv@lulu.com,1988-10-21,8244-0189,IAO0756653X8
S4126173L,gsilvesternw@microsoft.com,1996-10-03,8234-2056,CKI4521908D8
S3862009X,aarrigonx@va.gov,1952-01-29,8244-5295,OCY2211205V9
S0952860O,rhornigny@salon.com,1999-01-30,9294-6117,VID3232664B7
S6677637D,omcquaidnz@cbsnews.com,1960-12-05,8254-1162,JDC9516022V7
S4796514Z,tbulleyno0@msn.com,1990-11-13,8254-1474,XKA3515781T1
S3738136R,sgilkisono1@geocities.com,1988-08-13,8224-0975,DKZ9347407U2
S6391448Y,bcherrisono2@simplemachines.org,2007-02-08,8264-4812,B4U3282937R2
S0778965T,mjollandso3@typepad.com,1972-01-21,9284-3125,PPV8659947E4
S8937431O,vparadyceo4@slideshare.net,2003-12-11,9294-2162,VK39933983V9
S3001872K,jblazeo5@google.co.uk,1971-06-18,8254-7609,SNX2333785G9
S0017092X,lgriffittso6@myspace.com,1983-04-08,8284-9434,YAK1335210T8
S7803389D,fkemptono7@instagram.com,1976-07-10,8214-1956,LKA6861059U5
S8752295L,smordueo8@dailymotion.com,2007-05-16,9244-8652,YTF2118337B1
S7109409Z,ncoupero9@seattletimes.com,1994-08-14,8294-8834,R3O1063013F0
S6823598B,jclamptonoa@gmpg.org,1960-01-05,8254-2936,PX27142795J2
S4373497R,shaddrillob@google.fr,1954-04-21,8204-4302,GJS7515627N1
S4502332I,cmerittoc@foxnews.com,1970-03-11,9264-7958,TDD7122461M2
S0687244G,nbroadberrieod@umich.edu,1989-12-02,9294-4347,G1U1464173E2
S9471241P,ssambrookoe@baidu.com,1977-10-25,8274-3625,HT85154499P6
S0937468N,dloydof@fc2.com,1965-02-16,8244-4150,PI02302866Q5
S2826184B,ccarmanog@scientificamerican.com,1966-04-05,9244-5126,DEB2554225Q1
S1759866D,tashpoleoh@ed.gov,1991-12-20,8244-0930,E075574824D7
S6088497G,jescheoi@etsy.com,1988-01-25,9274-2507,UW16531795U6
S2931870M,laldersonoj@yelp.com,1996-08-11,8224-3238,Z896781400D7
S4415903Z,goxleyok@businessinsider.com,1964-09-03,8254-8682,Q214902723C2
S7070589L,rwestwellol@naver.com,2009-04-13,8204-0951,IYH6411312L2
S2850412E,kginnaneom@issuu.com,1980-11-03,8224-7630,N9X7072836B4
S9158479C,mmauriceon@globo.com,1966-09-13,9294-8730,V4O6405791Y1
S9197031F,mmassotoo@cornell.edu,1976-02-03,9264-4384,F818617958M7
S8296462L,dfaivreop@about.me,1980-04-01,8234-5833,Q3B2164705E4
S9211668A,ckennawayoq@who.int,1983-07-21,8254-6660,PSL2274017Q5
S3979383E,cwallageor@nbcnews.com,2010-02-21,8264-5560,EP75360334F3
S7719295C,lheardmanos@hostgator.com,2002-12-09,8214-4988,C4G8519018G9
S4275486A,dkoseot@cornell.edu,1977-01-30,8294-8510,LLG3774043F0
S6231456R,irizzardiou@photobucket.com,1991-08-16,9274-2966,L5Y6776411F7
S3562154V,wovenov@opensource.org,2008-09-14,9264-4463,Y1Z6653020Z0
S5527165Z,lgrzesiewiczow@amazon.co.jp,1956-01-09,9204-2221,HXS4426555A9
S5959640D,fcowserox@indiatimes.com,1951-07-15,8214-9794,FXD5000449I0
S3482161C,dlaundonoy@desdev.cn,2005-11-06,8294-2048,B469130703R0
S8717007Z,wtanswelloz@wikimedia.org,1993-05-24,9234-7369,TU17709741O5
S9950723I,kbingellp0@ftc.gov,2006-08-22,8224-9309,G9R3357416Z5
S5773179N,dmarlowep1@freewebs.com,1952-01-06,9214-1052,P8V3004078I7
S2596735O,iblaydesp2@amazon.de,1991-06-27,9264-5562,GUR6772012F6
S4585096Q,dgeckp3@telegraph.co.uk,2007-11-22,8254-9690,AT38809714D1
S5020993U,tfayerbrotherp4@tiny.cc,1986-09-17,9284-7447,CWY5143395Q5
S6823834A,adawdaryp5@imgur.com,1999-05-19,9264-9595,BKA0970561D6
S0159991X,bklaggesp6@tripadvisor.com,1959-09-16,8204-7872,IFB0609751B0
S4546888R,fwinshipp7@1688.com,1954-11-26,9204-2272,DZ37980671E9
S3692352K,odomokosp8@furl.net,2006-09-18,9204-7148,JQ15891458D4
S9973209X,dscasep9@discovery.com,1967-09-30,8214-6242,GSE4595082K6
S1929966E,jhacquelpa@list-manage.com,1996-04-04,8244-6181,VYA0413634E5
S1500500V,acaplinpb@bluehost.com,1960-04-04,9204-0585,ZCY5498240O1
S3178318Y,awedgwoodpc@e-recht24.de,1999-04-10,8274-3083,QDV3787366S6
S1315957U,npietrowiczpd@discovery.com,1989-07-15,9284-4799,SOL9985804H4
S4401029Q,cvellenderpe@geocities.com,2003-11-14,8274-1433,TN06780491S5
S1545182R,ctorricinapf@unblog.fr,2005-01-09,8214-4445,LL24442257D5
S3860170M,sivashinpg@sbwire.com,1995-10-17,8214-2328,QWI2727604Q0
S2813867G,mmussonph@twitter.com,1979-05-02,8214-5464,BFT7372133I2
S6993053A,kpowerpi@list-manage.com,1966-02-17,8254-7189,C6M9421767Q8
S2634449K,jfirmanpj@illinois.edu,1985-12-30,9214-4398,Y4Z9341661P4
S3003862D,mtootinpk@illinois.edu,1953-01-21,8244-8120,YR37556285W1
S5273819O,jassadpl@list-manage.com,1969-12-03,8214-1022,QPU6022158D3
S4998697K,pgrishkovpm@t.co,2005-05-20,9234-3723,H1N8200492M7
S0006072N,shoylespn@tripadvisor.com,1985-12-14,8234-0559,QXM1481768T0
S5271319S,kbrownellpo@redcross.org,1988-10-16,8234-7753,YZ25765822V0
S8207047J,moakeshottpp@hugedomains.com,2007-02-19,8254-9077,LGQ1846912U9
S1501801G,mgooderhampq@bloglines.com,1983-07-22,8274-6930,A6N2961940Z8
S1974206J,hgodsonpr@census.gov,1981-01-12,8214-8860,H8Q4704670D3
S4771635Q,ogeraudelps@reverbnation.com,1968-05-06,9274-9999,YHD3201355H2
S8195536A,dbittanypt@craigslist.org,1991-08-13,9224-7538,FY64660886C9
S8980661J,ealbanypu@photobucket.com,1987-03-27,8294-8324,FQU7314064Q5
S2274752C,cludgatepv@indiegogo.com,1953-03-20,9264-2897,TJ71623484I4
S4030831P,mloachpw@elegantthemes.com,1953-06-13,9204-0504,KCB9897813O1
S2334117Q,dmattauspx@craigslist.org,1984-06-16,8284-4993,DKF4267100Q8
S7796732A,tstrangwoodpy@ovh.net,2000-09-02,8274-4397,BUR8995653B5
S9644881M,epylkynytonpz@pcworld.com,1964-11-12,9254-6721,EHV4500141N9
S4218081Q,huccelliq0@nyu.edu,1970-03-15,8254-7652,CWU6277708U8
S9436657L,sheckneyq1@weebly.com,1965-11-16,8274-9396,ZDE1271005P2
S1141012N,sleavesleyq2@wikia.com,1987-08-27,9274-6910,RY79695758A4
S4263691T,fmaclardieq3@cyberchimps.com,1996-05-14,9274-0197,UQI3461066Z4
S0942974O,aalesinq4@gnu.org,1992-08-14,9224-7487,K4N1964364X7
S3197183P,nflowethq5@tripadvisor.com,1956-10-02,8264-1218,PP52950375J5
S1122133K,aatkynsq6@acquirethisname.com,1950-06-10,9204-0123,SCA3167565O2
S2289816Y,geisikowitchq7@moonfruit.com,1978-07-18,9244-9620,MGC5535131F2
S3975834G,mjancyq8@loc.gov,1994-08-09,9214-3472,WWA1717197X9
S2005493P,ejinkinsonq9@marketwatch.com,1950-12-22,8264-7140,F6O7013480C1
S3608455O,mendrighiqa@e-recht24.de,1957-05-11,8204-1297,B3Q3338418W2
S5676865P,sdrinkwaterqb@harvard.edu,1978-11-07,8224-4800,E026113472P5
S7332471T,sgateqc@cdc.gov,1996-10-23,8254-6427,L8E0021140C9
S0153952X,vwalterqd@nsw.gov.au,1999-12-31,8264-5882,JFN5431025L8
S5963930F,sstonefewingsqe@usda.gov,2010-03-31,9274-0457,NGZ9603857A9
S1833136G,llummqf@umich.edu,1995-12-22,8284-0339,AA65016401M1
S3296618I,awhitwellqg@stumbleupon.com,1973-12-28,9274-4373,LKD7434542O1
S3123969I,lhouseleeqh@boston.com,2002-09-12,9254-3328,YTW7438650D1
S6876679G,ctheurerqi@wisc.edu,2007-11-18,8274-8220,ABZ7442959W5
S2823786X,alabernqj@columbia.edu,2010-02-26,8254-1896,S026372091I5
S6572072J,jcrippesqk@yahoo.com,1993-07-18,8234-8376,XNK5899414Q5
S1695364F,afeakeql@toplist.cz,1954-12-04,8204-0830,P6G1515679S9
S7550217O,sgravestonqm@ovh.net,1996-12-14,9294-6942,GBI1392502P9
S8998936L,deyrlqn@ustream.tv,1994-05-09,9264-5589,HLM4649506K8
S2586243B,nhaggishqo@blogspot.com,1954-01-25,8264-5917,LJ01195553Q4
S4639501O,cberthouloumeqp@typepad.com,1951-06-01,9204-3570,LIG3640302V1
S9749815U,gdantoniqq@time.com,1994-10-14,8274-3161,E411534020I0
S7107944X,wgossanqr@wsj.com,1976-05-16,8284-8426,UM59008657F3
S1771193O,ggarrodqs@ow.ly,2009-05-27,8214-6058,U679005090I5
S5088163N,rguihenqt@blog.com,2009-10-20,9244-9544,XO52022584O4
S2711176D,rbruckenthalqu@techcrunch.com,1966-04-30,8224-4162,B246417912L0
S5223986B,cfalconbridgeqv@stumbleupon.com,1998-03-15,9224-5034,ORN6989354A0
S8845186H,mmclaughlanqw@imgur.com,1958-07-21,8254-4380,JMM7323691V5
S8114465H,rbossomqx@blog.com,1992-12-08,9224-6617,SUG1168439U7
S1214377C,chowtopreserveqy@stanford.edu,1964-08-16,9224-0367,BRI4836497G5
S2158270U,rbisphamqz@wisc.edu,2010-02-06,8224-3423,FC78657675R7
S0513729N,cjobbinsr0@wisc.edu,2006-10-15,8254-6587,I981059450T3
S9893018M,ballcottr1@theguardian.com,1975-07-07,8264-4589,YKQ5160980Q1
S3205296M,sbasekr2@admin.ch,1953-11-01,8274-1004,MSZ2737977Q4
S8210905K,vtumberr3@princeton.edu,1975-05-19,8234-7176,OET3418736W0
S5065292P,epoleyer4@imageshack.us,1971-06-27,8264-8527,LUR3283010J6
S1905502F,bonslowr5@mapy.cz,1962-06-12,8234-1317,Q9Y9967383D6
S3114765M,kcanterr6@simplemachines.org,1953-07-21,8244-8633,EYE5896352A4
S9781137B,chastewellr7@wordpress.com,1983-12-21,8234-3565,RI31105228J2
S4705712P,aessbergerr8@fda.gov,1959-02-16,9224-0524,AJ81242798K8
S9067835L,sautier9@elpais.com,1981-09-27,8234-1925,HLF5817542G2
S0075820K,hpeelra@google.ca,1958-12-18,9264-7519,JP29332878J8
S7937650D,vwistancerb@cam.ac.uk,1988-03-20,8244-4406,BFD2919170Z8
S3634808L,dlownerc@merriam-webster.com,2005-12-18,9234-5333,GV98532345L0
S4585810N,foughtrightrd@quantcast.com,1994-02-06,8284-1769,C4M8063432Q0
S6650965N,mnoweakre@jugem.jp,2000-07-19,9224-5512,S3N1456904G3
S4815913M,rfeehelyrf@shareasale.com,2004-05-11,8244-9813,QM96310013Y0
S2889089R,sshirleyrg@tinyurl.com,2007-04-02,9254-1654,JDL6020663U0
S7933419A,jlefridgerh@booking.com,1964-04-02,9204-2255,IZJ1659786V0
S3602951S,bholsonri@t.co,1962-06-27,9264-2789,OMZ2019321T0
S8509520N,nwhacketrj@addtoany.com,1996-11-09,9244-4723,LJH6685470Y1
S9301464R,tstquintinrk@bluehost.com,1990-11-22,9244-3940,RYO0857943N2
S9842785T,fsandsrl@ucoz.ru,1976-04-27,9294-5948,LJY3505287B7
S1566066Q,wmattheisrm@timesonline.co.uk,2003-05-12,8224-5453,DTT1702613Z3
S4471585U,dvidelerrn@chron.com,1984-08-21,8204-5389,R378870481W5
S6673918F,kohernro@foxnews.com,1989-07-07,8244-0295,E9V9914497I9
S3824661X,mstollmeierrp@uol.com.br,2004-08-31,8284-3334,ZEE1282309S2
S6365400M,blutonrq@wiley.com,1980-05-27,8204-7854,JS63858211H1
S3527160Z,bboakrr@pinterest.com,1991-06-13,8204-2499,XSP7445586Z4
