id,fr_event_id,fr_alert_dt,va_engine_id,person_id,score,info,key
1,bbd87514-422a-4dd2-9c83-83320800597e,2022-03-24 07:30:00,1,c1ce097a-080a-4531-8076-58e9b77e7808,0.95767814,,S9219744F
2,ddd55d66-54e5-43b0-8982-eecdda2a48bb,2022-03-24 07:31:00,1,c1ce097a-080a-4531-8076-58e9b77e7808,0.95767814,,S9219744F
3,a867b141-63fd-4f5c-8508-4f4997d2723f,2022-03-24 07:32:00,1,c1ce097a-080a-4531-8076-58e9b77e7808,0.95767814,,S9219744F
4,c2f33689-991a-4653-aca5-1f9e34b71b4d,2022-03-24 07:33:00,1,c1ce097a-080a-4531-8076-58e9b77e7808,0.95767814,,S9219744F
5,7e1b2ded-24e5-417d-b741-b130a1314d34,2022-03-24 07:34:00,1,c1ce097a-080a-4531-8076-58e9b77e7808,0.95767814,,S9219744F
6,35f47452-6d3e-49bf-8bc0-2ffd9bd0dd6e,2022-03-24 07:35:00,1,c1ce097a-080a-4531-8076-58e9b77e7808,0.95767814,,S9219744F
7,23ec29b1-48db-428f-add8-ab038a90ab96,2022-03-24 07:36:00,1,c1ce097a-080a-4531-8076-58e9b77e7808,0.95767814,,S9219744F
8,209f0c8d-3166-461d-a5ee-f85b4b720148,2022-03-24 07:37:00,1,c1ce097a-080a-4531-8076-58e9b77e7808,0.95767814,,S9219744F
9,ba74eb4c-6053-4aa6-ba7b-69052217e387,2022-03-24 07:38:00,1,c1ce097a-080a-4531-8076-58e9b77e7808,0.95767814,,S9219744F
10,6e18defe-1477-435b-aaed-992472ec7be6,2022-03-24 07:45:00,1,43be6fe0-56f5-407a-bb22-f670d4064f72,0.95767814,,S3028765X
11,c4b6233c-b2cd-44a3-acc2-692795a19db5,2022-03-24 07:46:00,1,43be6fe0-56f5-407a-bb22-f670d4064f72,0.95767814,,S3028765X
12,7ecf6618-a3df-4160-ab90-895296834f96,2022-03-24 07:47:00,1,43be6fe0-56f5-407a-bb22-f670d4064f72,0.95767814,,S3028765X
13,0ae5212f-de5a-4561-adc7-b89da69d81f2,2022-03-24 07:48:00,1,43be6fe0-56f5-407a-bb22-f670d4064f72,0.95767814,,S3028765X
14,7658f2ee-fc75-4411-a541-c1b49d2bc760,2022-03-24 07:49:00,1,43be6fe0-56f5-407a-bb22-f670d4064f72,0.95767814,,S3028765X
15,64bbe87d-6644-4ee5-9902-aca16c689c1c,2022-03-24 07:50:00,1,43be6fe0-56f5-407a-bb22-f670d4064f72,0.95767814,,S3028765X
16,0e3c7a6a-aa11-4bee-a0d5-aef854b6c27b,2022-03-24 07:51:00,1,43be6fe0-56f5-407a-bb22-f670d4064f72,0.95767814,,S3028765X
17,36cb5ba5-7f55-407d-ad95-ea6e21bb9d39,2022-03-24 19:00:00,1,5b4364de-4505-44e7-8712-be0cc90ceaab,0.95767814,,S6735697W
18,9ef010f0-0b4b-4965-aa5b-78458e905f13,2022-03-24 19:02:00,1,5b4364de-4505-44e7-8712-be0cc90ceaab,0.95767814,,S6735697W
19,86807909-a9a8-4840-b96f-de07b21c1b37,2022-03-24 19:04:00,1,5b4364de-4505-44e7-8712-be0cc90ceaab,0.95767814,,S6735697W
20,f6ebcaec-1ac0-444a-8e69-bd7c5a510b9e,2022-03-24 19:06:00,1,5b4364de-4505-44e7-8712-be0cc90ceaab,0.95767814,,S6735697W
21,0de7f655-bcde-4c71-880c-cd324b07e227,2022-03-24 19:08:00,1,5b4364de-4505-44e7-8712-be0cc90ceaab,0.95767814,,S6735697W
22,68b2c733-3ec6-4333-a61a-5f7ce0eece9c,2022-03-24 19:10:00,1,5b4364de-4505-44e7-8712-be0cc90ceaab,0.95767814,,S6735697W
23,b10184e2-f79c-4eda-a793-f3811df7be35,2022-03-24 19:12:00,1,5b4364de-4505-44e7-8712-be0cc90ceaab,0.95767814,,S6735697W
24,28e62ba3-fe22-48b4-892d-8fdf09a43693,2022-03-24 19:14:00,1,5b4364de-4505-44e7-8712-be0cc90ceaab,0.95767814,,S6735697W
25,e0a6e991-298a-4e56-8b03-bd425ce86c98,2022-03-24 19:16:00,1,5b4364de-4505-44e7-8712-be0cc90ceaab,0.95767814,,S6735697W
26,9fff5f66-8666-4d66-83b9-4d37e3241509,2022-03-24 19:18:00,1,5b4364de-4505-44e7-8712-be0cc90ceaab,0.95767814,,S6735697W
27,b8bb173e-94fa-4a91-8185-16e03b308e07,2022-03-24 19:00:00,1,c1ce097a-080a-4531-8076-58e9b77e7808,0.95767814,,S9219744F
28,2d6468e8-47e6-4132-8618-73788ade1e0d,2022-03-24 19:02:00,1,c1ce097a-080a-4531-8076-58e9b77e7808,0.95767814,,S9219744F
29,c0c0379f-cf4a-4494-b0ed-c24b5b29a24d,2022-03-24 19:04:00,1,c1ce097a-080a-4531-8076-58e9b77e7808,0.95767814,,S9219744F
30,f4a3c745-9b8a-48dc-bfd4-2b19ff986fe2,2022-03-24 19:06:00,1,c1ce097a-080a-4531-8076-58e9b77e7808,0.95767814,,S9219744F
31,f7515cdf-8160-4960-b79a-80d864cd2ee1,2022-03-24 19:08:00,1,c1ce097a-080a-4531-8076-58e9b77e7808,0.95767814,,S9219744F
32,de2d56cf-0b1c-4e2f-a568-7c9d888395ff,2022-03-24 19:10:00,1,c1ce097a-080a-4531-8076-58e9b77e7808,0.95767814,,S9219744F
33,9ed0d622-6b82-4d81-819f-442d59b1811d,2022-03-24 19:12:00,1,c1ce097a-080a-4531-8076-58e9b77e7808,0.95767814,,S9219744F
34,da8b47e1-2462-4eca-8563-54a55559e58b,2022-03-24 19:14:00,1,c1ce097a-080a-4531-8076-58e9b77e7808,0.95767814,,S9219744F
35,c6e8d9f3-c93e-4e2f-b1c9-385a417cbb5a,2022-03-24 19:16:00,1,c1ce097a-080a-4531-8076-58e9b77e7808,0.95767814,,S9219744F
36,90ed7f92-b12a-4cb1-bac7-c46e246227ac,2022-03-24 19:30:00,1,43be6fe0-56f5-407a-bb22-f670d4064f72,0.95767814,,S3028765X
37,07a0cbb1-a365-46c4-9b01-49f131ff14b5,2022-03-24 19:32:00,1,43be6fe0-56f5-407a-bb22-f670d4064f72,0.95767814,,S3028765X
38,034ab35e-7b29-43d5-beac-faa0062d616a,2022-03-24 19:34:00,1,43be6fe0-56f5-407a-bb22-f670d4064f72,0.95767814,,S3028765X
39,30f83f24-b9b0-4f2b-b752-ca2fcbed134e,2022-03-24 19:37:00,1,43be6fe0-56f5-407a-bb22-f670d4064f72,0.95767814,,S3028765X
40,04fa508e-06f1-49c9-960c-8791b0a65e9a,2022-03-24 19:41:00,1,43be6fe0-56f5-407a-bb22-f670d4064f72,0.95767814,,S3028765X
41,c45f1e59-14e6-465a-b573-916ea1adc6d3,2022-03-24 19:46:00,1,43be6fe0-56f5-407a-bb22-f670d4064f72,0.95767814,,S3028765X
42,de512585-95ba-448d-921d-91f0b83c3de6,2022-03-24 19:52:00,1,43be6fe0-56f5-407a-bb22-f670d4064f72,0.95767814,,S3028765X
